"","GEOID","jobs","HH","wrks"
"1","01009050102",3148,2748,2634
"2","01073000300",1382,1031,845
"3","01073000500",902,1190,996
"4","01073001200",3881,1237,1098
"5","01073002400",15071,1593,1314
"6","01073002700",33002,1526,1072
"7","01073004701",3962,2128,1680
"8","01073004901",3502,845,502
"9","01073010200",4906,976,989
"10","01073010702",6373,1901,2045
"11","01073010703",4252,895,1063
"12","01073010706",14319,2350,1729
"13","01073010802",4648,1285,1257
"14","01073010900",1573,1814,1669
"15","01073011109",3626,1570,1548
"16","01073012703",2495,2030,1774
"17","01073012802",1830,1346,1206
"18","01073012906",3256,2899,2699
"19","01073012908",4025,2073,1854
"20","01073012910",5306,1642,1452
"21","01073012915",2589,2694,2758
"22","01073014204",2870,3468,4425
"23","01073014302",6431,2414,2234
"24","01073014404",1782,2424,2421
"25","01073014408",5618,1880,1358
"26","01073014409",2260,1423,1472
"27","01117030212",3387,1867,1371
"28","01117030213",3314,1973,2029
"29","01117030305",1080,1366,1904
"30","01117030314",9191,1537,1656
"31","01117030315",11427,2245,2504
"32","01117030330",3462,2152,2629
"33","01117030333",1708,1872,2049
"34","01117030345",1390,987,1312
"35","01117030501",1952,2503,2642
"36","01117030502",1305,816,778
"37","01117030604",329,2306,2775
"38","01117030605",755,2599,3256
"39","01117030609",541,2640,2708
"40","04013040518",673,2323,1495
"41","04013061020",782,1230,378
"42","04013061044",435,1720,707
"43","04013071509",2813,2112,2526
"44","04013071517",649,1348,1838
"45","04013071909",443,1628,1763
"46","04013071911",1169,1009,1501
"47","04013092708",912,720,860
"48","04013103208",1904,2114,1867
"49","04013103209",5332,2177,2639
"50","04013103219",5227,1481,1323
"51","04013103220",2880,1432,1681
"52","04013104801",1386,1523,1815
"53","04013105101",1591,1720,2172
"54","04013105102",3242,2231,2016
"55","04013105503",673,1690,1164
"56","04013106300",5024,2392,2161
"57","04013106501",743,1426,1442
"58","04013107201",3393,1161,932
"59","04013107500",2898,1650,1630
"60","04013107601",3651,1563,1351
"61","04013107700",7182,1937,1721
"62","04013107800",24629,1466,1014
"63","04013108400",9475,2500,2008
"64","04013108502",8415,2057,1569
"65","04013110100",2573,1647,1789
"66","04013110501",21003,1690,1243
"67","04013110502",16395,1268,969
"68","04013111000",8036,2192,2159
"69","04013111201",519,2386,2150
"70","04013111502",2014,1948,1764
"71","04013111800",13571,1935,1836
"72","04013112512",13200,581,2452
"73","04013112700",1832,1660,1831
"74","04013113100",17849,1444,1030
"75","04013113300",3519,1688,1130
"76","04013113801",8166,1006,870
"77","04013113900",4592,351,356
"78","04013114200",1867,403,436
"79","04013114800",2365,818,839
"80","04013115200",26070,727,667
"81","04013115900",389,1464,1625
"82","04013116100",3386,1067,966
"83","04013116203",9197,1972,1656
"84","04013116204",9168,1080,1458
"85","04013116709",3554,867,1444
"86","04013116712",2306,2626,3523
"87","04013116719",4919,2639,3595
"88","04013116725",436,2008,2487
"89","04013116900",10174,571,649
"90","04013117200",8399,378,627
"91","04013216806",1741,1498,1374
"92","04013216807",4122,2216,2286
"93","04013216810",8356,906,788
"94","04013216813",5315,2068,1655
"95","04013216816",30615,2034,2404
"96","04013216830",1937,1655,1409
"97","04013216834",2436,1087,875
"98","04013216835",1674,1489,975
"99","04013216837",870,2502,2288
"100","04013216838",654,2062,2134
"101","04013216840",1192,1765,1977
"102","04013216841",1331,1223,1135
"103","04013216842",1873,1261,1849
"104","04013216844",1008,1679,435
"105","04013216845",5464,1012,1168
"106","04013216846",2338,2860,2981
"107","04013216847",1367,2237,1279
"108","04013216850",3260,2114,1942
"109","04013216851",1809,1627,1490
"110","04013216853",1170,2360,2283
"111","04013216901",3135,1593,1383
"112","04013217101",292,1236,1488
"113","04013217201",16330,891,977
"114","04013217203",1383,1844,1261
"115","04013217300",11947,1525,1124
"116","04013218200",1449,2065,2544
"117","04013218300",4173,2258,1914
"118","04013318400",9792,2100,1879
"119","04013318700",7709,251,522
"120","04013318800",1923,3078,2678
"121","04013319101",769,1116,763
"122","04013319103",1555,2093,1536
"123","04013319201",456,2131,2079
"124","04013319704",37926,635,864
"125","04013319705",11240,1357,1495
"126","04013319800",3745,2894,2871
"127","04013319902",4667,975,1224
"128","04013319903",1507,2566,2760
"129","04013319910",17023,1419,2163
"130","04013320100",12639,1310,1248
"131","04013420215",2086,612,1007
"132","04013420304",1480,350,498
"133","04013420705",654,1048,1394
"134","04013421102",2360,1863,2004
"135","04013422001",723,1054,1282
"136","04013422203",5168,1951,1740
"137","04013422204",3456,1220,1527
"138","04013422222",714,799,1110
"139","04013422301",5810,1612,2195
"140","04013422304",2749,1240,1278
"141","04013422307",10500,1713,2612
"142","04013422308",735,1955,3111
"143","04013422309",441,1889,3020
"144","04013422401",2590,1347,1947
"145","04013422403",6021,1767,3395
"146","04013422511",411,964,1805
"147","04013422514",1373,1651,2103
"148","04013422636",1617,1092,906
"149","04013422639",5428,2252,2196
"150","04013522903",462,1488,1794
"151","04013523003",1136,2465,3069
"152","04013523102",4075,1642,2417
"153","04013610300",745,2872,553
"154","04013612300",5102,2675,944
"155","04013612500",499,1575,1340
"156","04013614300",927,1235,1714
"157","04013614700",20214,1227,1324
"158","04013615200",9503,2968,2548
"159","04013616500",5332,1465,1679
"160","04013617000",2307,2561,2755
"161","04013617500",1368,1928,912
"162","04013617800",1636,905,1367
"163","04013618500",1106,1502,1832
"164","04013619100",460,1357,1335
"165","04013810000",6065,615,965
"166","04013810400",7320,1841,2694
"167","04013810700",680,2797,3779
"168","04013810900",355,2223,3253
"169","04013811000",709,946,1849
"170","04013811200",3864,1162,1055
"171","04013811800",902,753,363
"172","04013812200",2911,2304,3293
"173","04013812400",2433,2132,1261
"174","04013812600",746,1807,2600
"175","04013813600",154,919,1066
"176","04013815400",1648,1999,3226
"177","04013941300",8304,2200,1806
"178","04013980400",5070,5,13
"179","04021000318",531,2774,1867
"180","04021000319",448,757,391
"181","06037207710",49525,1653,1130
"182","06073001000",855,2548,2644
"183","06073001100",621,1688,1824
"184","06073002904",2051,2122,2182
"185","06073003003",1336,1533,2084
"186","06073003403",1559,1036,1599
"187","06073004900",151,1330,1779
"188","06073005100",5186,3021,2034
"189","06073005200",2830,2740,1576
"190","06073005300",35376,2694,2114
"191","06073005400",15365,4904,2533
"192","06073005600",5297,2816,1630
"193","06073005800",22065,1653,1225
"194","06073005900",1489,1883,1485
"195","06073006000",2303,2056,1716
"196","06073006100",1443,1172,1245
"197","06073006500",14129,1394,1131
"198","06073007400",415,3064,3143
"199","06073007800",1439,2528,2411
"200","06073007903",1102,2442,2515
"201","06073007905",1528,1416,1191
"202","06073007908",636,1453,1326
"203","06073007910",2655,1564,1409
"204","06073008006",758,1966,1596
"205","06073008101",1263,2029,1714
"206","06073008102",480,1408,1391
"207","06073008200",7728,1685,1236
"208","06073008303",1716,1506,1240
"209","06073008329",8851,3098,3175
"210","06073008333",5448,4583,4476
"211","06073008339",29681,840,965
"212","06073008340",4656,4269,3014
"213","06073008345",2688,1567,1518
"214","06073008346",20068,1564,2538
"215","06073008350",38424,2140,3575
"216","06073008360",5214,2078,2921
"217","06073008363",112,2156,2354
"218","06073008501",2056,2104,2630
"219","06073008503",3517,2829,3153
"220","06073008509",994,2660,3252
"221","06073008511",68405,1218,1613
"222","06073008901",7468,2365,2278
"223","06073008902",8653,1274,1001
"224","06073009103",440,1616,1783
"225","06073009106",9064,920,1289
"226","06073009301",2558,1693,2107
"227","06073009304",28133,4314,3072
"228","06073009504",889,1807,2133
"229","06073009602",577,1682,1846
"230","06073009603",5142,2587,2240
"231","06073009604",6222,1372,1593
"232","06073010015",8662,650,2816
"233","06073013000",2397,1862,2439
"234","06073013103",2437,746,1103
"235","06073013308",889,950,1736
"236","06073013505",725,1815,2298
"237","06073015801",3441,1384,1304
"238","06073016201",1656,2170,2618
"239","06073016202",15060,1426,1572
"240","06073016616",1967,1370,1734
"241","06073016617",1758,1419,1278
"242","06073017022",7634,2142,2597
"243","06073017032",16375,4248,4817
"244","06073017039",5273,2693,3278
"245","06073017048",3164,2102,2900
"246","06073017049",14472,938,1395
"247","06073017056",8185,1702,1764
"248","06073017303",1812,1227,1322
"249","06073017304",4198,2520,2366
"250","06073017305",357,1279,1304
"251","06073017401",2761,2484,2610
"252","06073017502",2195,1247,1544
"253","06073017604",3468,3044,2732
"254","06073017811",1825,2735,2562
"255","06073017813",3911,1746,1440
"256","06073017900",3294,2954,3036
"257","06073018513",4628,3399,3168
"258","06073019302",299,2998,2930
"259","06073019403",2359,1533,2358
"260","06073019806",8971,4001,4259
"261","06073019905",2019,1743,2428
"262","06073020013",1411,4411,3737
"263","06073020015",217,1730,1835
"264","06073020017",10350,1109,1382
"265","06073020029",11293,1781,1620
"266","06073020214",6248,1443,1528
"267","06073020306",4735,3260,2750
"268","06073020307",13177,2665,3294
"269","06073020500",2303,1416,1869
"270","06073020601",1443,1459,1807
"271","06073020602",581,1970,2301
"272","06073020707",2234,1505,1800
"273","06073021400",4484,2810,2642
"274","06073021800",1617,855,882
"275","06073021900",6531,533,1261
"276","06073022100",29407,3390,3332
"277","06081610304",9763,1806,2016
"278","06085500600",3219,2073,2107
"279","06085500800",16077,1305,1154
"280","06085500901",9016,1911,1388
"281","06085501000",3047,1986,1869
"282","06085501300",482,1348,1575
"283","06085501900",2696,2103,1895
"284","06085502101",2000,1908,2245
"285","06085502604",3765,2210,1901
"286","06085503002",703,1276,1579
"287","06085503121",4421,1480,1520
"288","06085504318",12810,1562,2151
"289","06085504322",11556,2019,2037
"290","06085504414",1889,1451,2514
"291","06085504418",526,1273,2116
"292","06085504504",14631,2637,3316
"293","06085504505",2628,1258,2081
"294","06085504506",1861,2075,2604
"295","06085504601",26500,346,713
"296","06085504602",29588,601,624
"297","06085504802",3289,1751,2464
"298","06085504803",1167,2467,2359
"299","06085505001",21263,3519,4106
"300","06085505006",39402,1950,2097
"301","06085505007",8066,960,1901
"302","06085505009",4648,2321,4641
"303","06085505100",14941,1409,1541
"304","06085505202",35388,2080,2558
"305","06085506304",1240,2071,1891
"306","06085506401",5919,1915,1757
"307","06085506402",1171,2217,2338
"308","06085506502",7580,1920,1998
"309","06085506801",2399,2247,2520
"310","06085507001",4949,2964,2619
"311","06085507100",2169,1298,1356
"312","06085507203",3136,1130,1077
"313","06085507205",640,1873,1850
"314","06085507301",2595,2463,2421
"315","06085507302",1001,1018,956
"316","06085507701",4548,1362,1718
"317","06085507806",2215,1953,2379
"318","06085508602",3227,1756,1706
"319","06085508704",27741,2221,2501
"320","06085509102",9467,2235,2522
"321","06085509108",6899,1852,2240
"322","06085509109",2844,1894,2217
"323","06085509201",2035,2263,2204
"324","06085509304",5366,1214,1394
"325","06085509401",1424,1602,1480
"326","06085509500",507,2247,2380
"327","06085509600",6248,1283,1473
"328","06085509801",2365,2190,2334
"329","06085509902",1195,1846,1779
"330","06085510300",3327,1648,1665
"331","06085510400",1406,1158,1261
"332","06085510500",671,1880,1745
"333","06085510700",3004,1966,1970
"334","06085511301",2887,1764,1189
"335","06085511302",11208,2324,1836
"336","06085511500",5741,2999,2797
"337","06085511705",35145,339,415
"338","06085512001",5048,1985,2917
"339","06085512033",9154,1975,2781
"340","06085512310",3352,1244,1758
"341","06085512314",2431,1882,2325
"342","06085512602",7191,917,1152
"343","08001008353",2049,2137,3076
"344","08001008523",3722,2610,3610
"345","08001008801",1795,1394,1689
"346","08001009553",6813,1024,1204
"347","08001009751",984,1341,1093
"348","08001009752",680,1021,991
"349","08001015000",11373,1051,1298
"350","08001060200",3841,1748,1337
"351","08005004952",9400,1301,756
"352","08005005551",6863,1064,1263
"353","08005005552",1719,1022,860
"354","08005005620",1020,1627,1334
"355","08005005633",1258,1251,1835
"356","08005005634",6087,1587,1483
"357","08005005951",5342,2285,1745
"358","08005006000",4645,1309,1482
"359","08005006601",1517,2400,2280
"360","08005006707",5072,1804,2465
"361","08005006712",19262,454,717
"362","08005006713",2695,713,734
"363","08005006815",5374,1712,2188
"364","08005006856",28380,2975,1140
"365","08005006858",18025,2414,1485
"366","08005080400",6229,1965,2273
"367","08005081500",1306,2199,728
"368","08005081800",589,1552,1664
"369","08005087300",2039,3098,2075
"370","08013012104",279,1029,1073
"371","08013012201",1786,1622,1454
"372","08013012203",17060,3064,2881
"373","08013012204",15139,1801,1381
"374","08013012401",929,1934,1219
"375","08013012507",349,1678,1758
"376","08013012508",721,1308,1268
"377","08013012603",312,1461,1610
"378","08013012605",1248,709,526
"379","08013012705",8373,1938,2143
"380","08013012707",8239,664,817
"381","08013012710",8170,1469,1842
"382","08013012903",567,894,1114
"383","08013013003",895,2188,2809
"384","08013013005",1072,1276,1775
"385","08013013210",10357,1745,2613
"386","08013013212",2693,1815,4061
"387","08013060800",3863,2380,2615
"388","08013060900",1319,1780,2163
"389","08014030100",319,893,266
"390","08014031100",19012,1508,360
"391","08014031200",4322,1283,558
"392","08031000201",1134,1416,1739
"393","08031000402",1489,2610,2589
"394","08031000600",3242,1182,1102
"395","08031000800",2495,451,353
"396","08031001000",5127,1180,1241
"397","08031001102",2677,1521,1403
"398","08031001302",2121,1252,1385
"399","08031001401",2113,1971,1743
"400","08031001500",5119,1040,1093
"401","08031001600",6635,3771,3379
"402","08031001701",19908,3070,1904
"403","08031001702",69260,2363,1286
"404","08031001800",7898,1727,1473
"405","08031001901",6630,1014,951
"406","08031002000",3170,1140,847
"407","08031002100",8460,2447,2586
"408","08031002402",375,818,908
"409","08031002601",16323,2165,1390
"410","08031002701",10831,3538,2847
"411","08031002702",14876,3775,3088
"412","08031002801",1099,1598,1706
"413","08031002901",1672,1472,1624
"414","08031002902",679,1893,2099
"415","08031003001",1673,2677,3053
"416","08031003102",6095,1813,1644
"417","08031003201",691,3386,2939
"418","08031003500",8000,1695,1846
"419","08031003702",844,2699,2547
"420","08031003800",12339,3542,2536
"421","08031003901",2555,2126,1859
"422","08031003902",4097,1771,1979
"423","08031004005",1556,1701,1062
"424","08031004006",641,1962,1886
"425","08031004101",5575,1366,1095
"426","08031004106",9175,2441,4885
"427","08031004301",18006,2697,2584
"428","08031004303",991,1563,1647
"429","08031004404",172,2404,2213
"430","08031004405",4071,3487,2749
"431","08031005001",627,1026,1203
"432","08031005002",2113,3281,3087
"433","08031005104",3725,1503,1366
"434","08031005300",5788,606,633
"435","08031006701",2154,1323,1101
"436","08031006804",14041,1225,1074
"437","08031006811",1577,3210,3109
"438","08031006812",1054,1716,1429
"439","08031006814",696,2098,2329
"440","08031006901",3430,2762,2099
"441","08031015600",3171,2038,1917
"442","08031980100",9520,0,0
"443","08035013904",4002,1663,2002
"444","08035013905",1166,1382,2019
"445","08035014001",8308,2518,3671
"446","08035014007",11896,1221,718
"447","08035014112",127,1408,2296
"448","08035014114",3020,1335,2010
"449","08035014116",10388,2064,2112
"450","08035014123",2129,1215,1164
"451","08035014131",9402,1616,409
"452","08035014133",207,2111,3819
"453","08035014403",1223,1917,1958
"454","08035014505",1160,1753,1790
"455","08059009806",2792,1410,1924
"456","08059009807",5555,762,959
"457","08059009808",3270,2468,2845
"458","08059009815",203,1856,2565
"459","08059009827",1906,2387,3374
"460","08059009830",699,972,1121
"461","08059009833",360,2325,2850
"462","08059009842",1550,1055,1634
"463","08059009845",988,1724,1786
"464","08059009848",1406,1030,1053
"465","08059009849",3521,2313,2522
"466","08059010213",1224,1832,2313
"467","08059010402",4274,2408,2496
"468","08059010403",1997,2481,2502
"469","08059010406",2981,941,957
"470","08059010901",3639,2009,2231
"471","08059011100",4228,2676,2604
"472","08059011550",2611,2692,2416
"473","08059011701",3353,1948,2199
"474","08059011732",3070,2452,1871
"475","08059011733",6052,697,879
"476","08059011805",3318,2438,1745
"477","08059012051",903,1266,1686
"478","08059060400",2586,1184,2093
"479","08059060500",5472,1612,2064
"480","08069001605",6816,906,580
"481","08123002012",635,273,243
"482","08123002103",2835,2873,4648
"483","11001000100",7135,2686,2053
"484","11001000300",2050,2754,2934
"485","11001001100",4876,2118,2136
"486","11001001302",2887,4795,3598
"487","11001001702",1391,1230,1289
"488","11001002501",2177,1004,1245
"489","11001003301",85,1405,1623
"490","11001003400",672,1025,1204
"491","11001003500",549,964,1268
"492","11001003600",326,1987,2372
"493","11001004002",2843,1762,1872
"494","11001004202",2953,1787,1709
"495","11001004400",2715,2493,2645
"496","11001004600",553,1268,1672
"497","11001004702",8210,922,715
"498","11001004802",2500,1382,1603
"499","11001005002",1786,3475,2795
"500","11001005201",2948,4200,3590
"501","11001005500",13983,4185,2992
"502","11001005600",4221,3347,2059
"503","11001005800",79468,1810,1570
"504","11001005900",15841,1523,1369
"505","11001006202",58116,8,101
"506","11001006600",997,1016,1078
"507","11001007100",1154,1342,1314
"508","11001007200",7050,1830,1423
"509","11001007601",212,1855,1662
"510","11001007809",261,1135,1094
"511","11001009000",299,1553,912
"512","11001009201",1204,570,692
"513","11001009301",744,1162,1513
"514","11001009400",1048,1651,1783
"515","11001009504",3780,1254,1485
"516","11001010100",42595,1794,1627
"517","11001010200",35775,1465,1461
"518","11001010500",7166,2000,1753
"519","11001010600",21144,1670,2036
"520","11001010700",99063,1244,1450
"521","11001010800",19366,1034,954
"522","12053040303",489,1049,935
"523","12053040502",699,1233,1332
"524","12053040906",395,2164,1933
"525","12053040911",2503,1310,1155
"526","12053041502",1882,1603,897
"527","12057000102",4719,2112,1785
"528","12057001800",477,1471,1213
"529","12057003600",2896,1356,1496
"530","12057003900",8885,1158,913
"531","12057004100",508,739,514
"532","12057004400",447,735,860
"533","12057004600",26640,1428,1265
"534","12057004700",6776,1136,970
"535","12057004900",3743,2119,1788
"536","12057005101",56592,832,613
"537","12057005401",10736,2572,2530
"538","12057005500",2935,1062,1016
"539","12057005700",3609,2089,1976
"540","12057005800",3122,1958,2173
"541","12057005900",5606,2295,2479
"542","12057006000",1890,2201,2405
"543","12057006103",1465,2277,1862
"544","12057006200",950,1555,1925
"545","12057006501",537,1600,1218
"546","12057006900",243,2239,2219
"547","12057010203",368,826,855
"548","12057010210",259,1370,505
"549","12057010401",170,2342,2724
"550","12057010402",7507,1972,2082
"551","12057010701",3018,2233,3001
"552","12057010810",3967,1550,774
"553","12057010817",397,1391,1234
"554","12057011005",233,1022,1157
"555","12057011006",1233,1833,2300
"556","12057011008",4301,2628,2563
"557","12057011015",3294,2842,3035
"558","12057011304",1936,2113,2415
"559","12057011407",1559,1169,1212
"560","12057011409",3482,1281,1454
"561","12057011416",2337,2561,3302
"562","12057011506",1283,2776,2740
"563","12057011507",1690,3039,2700
"564","12057011517",2140,3147,1978
"565","12057011518",440,1453,2773
"566","12057011520",549,1928,994
"567","12057011524",1690,2254,1980
"568","12057011605",12751,2188,2599
"569","12057011606",1480,2651,2427
"570","12057011611",9763,1502,1863
"571","12057011706",4651,2949,3142
"572","12057011708",7828,2098,1833
"573","12057011802",2886,2154,2857
"574","12057011804",4360,1794,2220
"575","12057011901",5209,2325,1960
"576","12057012002",2601,1210,1700
"577","12057012103",16723,2130,2178
"578","12057012211",6752,60,820
"579","12057012600",2165,1889,2423
"580","12057013205",149,2683,3434
"581","12057013315",4844,1687,182
"582","12057013317",1877,1076,650
"583","12057013703",930,1811,2172
"584","12069030203",453,3370,3036
"585","12069030204",1459,1447,1672
"586","12069030502",1789,2223,2015
"587","12069030601",1344,1990,1789
"588","12069030702",1013,1601,1733
"589","12069030912",1948,2347,2108
"590","12069030913",1291,696,463
"591","12069031000",2901,3046,2849
"592","12095010200",6904,2836,2402
"593","12095012402",2168,2035,1804
"594","12095012403",8080,1454,2159
"595","12095012500",553,1062,1123
"596","12095012800",13303,1562,1861
"597","12095013507",8491,2696,2385
"598","12095013606",2250,1234,1778
"599","12095013900",2597,1938,2115
"600","12095014100",3022,2334,3059
"601","12095014503",538,1681,3074
"602","12095014704",2385,5057,4154
"603","12095014808",1214,3454,4495
"604","12095014812",21025,2008,2566
"605","12095014813",2149,1506,1788
"606","12095015104",1216,1805,2361
"607","12095015201",22402,3286,2896
"608","12095015501",5658,2209,2451
"609","12095015901",7530,1027,951
"610","12095015902",2266,951,872
"611","12095016406",4689,1062,801
"612","12095016407",5012,2560,2135
"613","12095016503",5128,2469,2502
"614","12095016508",11781,2328,2718
"615","12095016730",1198,9300,5477
"616","12095016804",6305,1460,1961
"617","12095016902",19682,1682,2570
"618","12095016903",1508,5157,5714
"619","12095017001",38414,930,1407
"620","12095017004",3648,2193,2586
"621","12095017008",4307,2836,4449
"622","12095017011",5587,1776,3001
"623","12095017107",7187,2733,3599
"624","12095017300",2830,3876,4129
"625","12095017400",4170,3478,4947
"626","12095017503",2371,2120,2512
"627","12095017504",3229,2524,3731
"628","12095018000",2714,1059,1425
"629","12095018200",5478,4377,3931
"630","12095018300",6078,1028,1384
"631","12095018400",7131,1127,1322
"632","12095018500",20586,1304,1692
"633","12095018800",8027,1474,1664
"634","12095018900",63860,3774,2909
"635","12097040803",9700,3039,2742
"636","12097041002",1949,2689,1758
"637","12097041700",1784,1836,2618
"638","12097043301",261,581,1176
"639","12101030903",1120,1049,1286
"640","12101031302",260,1869,1498
"641","12101031404",820,1623,1550
"642","12101031507",1444,2305,2290
"643","12101031601",1363,1767,121
"644","12101031701",1379,961,567
"645","12101031903",10201,1613,1017
"646","12101032006",1109,2548,3070
"647","12101032009",634,2459,3077
"648","12101032106",928,2109,0
"649","12103021500",10365,2184,1074
"650","12103021800",1624,1253,1208
"651","12103022100",899,2117,2134
"652","12103024406",2091,2806,2215
"653","12103024410",3683,1633,1646
"654","12103024411",2583,1871,1529
"655","12103024412",23134,1778,1272
"656","12103024509",5114,1792,1676
"657","12103024510",5330,795,1956
"658","12103024512",15449,1463,843
"659","12103025009",5232,1515,1819
"660","12103025010",2819,2483,2140
"661","12103025011",7787,1884,2372
"662","12103025303",2051,2448,1877
"663","12103025307",903,1553,1906
"664","12103025405",4037,2501,1426
"665","12103025408",1159,2947,1904
"666","12103025415",884,1995,1502
"667","12103025416",340,1651,1031
"668","12103025900",15888,2831,1659
"669","12103026200",486,730,751
"670","12103026300",416,2584,2714
"671","12103026400",2966,2436,2095
"672","12103026703",4774,2607,2284
"673","12103026814",2500,1298,850
"674","12103026904",1879,2093,1490
"675","12103027202",857,2587,2098
"676","12103027206",1780,2444,2710
"677","12103027207",1554,1969,2170
"678","12103027210",451,2198,1280
"679","12103027320",2157,1465,1651
"680","12103027327",8153,1757,1543
"681","12103027401",1637,1187,1005
"682","12103027501",763,2274,2020
"683","12103028402",192,733,530
"684","12103028600",11554,1755,1061
"685","12105010800",1353,1515,1455
"686","12117020500",1477,1338,1314
"687","12117020600",12736,4966,3690
"688","12117020701",5379,5379,4625
"689","12117020703",398,2030,2258
"690","12117020704",8986,2428,2198
"691","12117020805",8520,2948,2931
"692","12117020808",4515,1402,2076
"693","12117021307",2948,2458,3573
"694","12117021313",951,2276,2888
"695","12117021314",2504,1450,1556
"696","12117021502",2656,1822,2084
"697","12117021504",4991,1220,1255
"698","12117021505",1247,1718,2330
"699","12117021606",3192,2519,3014
"700","12117021608",5562,2570,2748
"701","12117021614",795,1953,2432
"702","12117021802",3229,1842,2132
"703","12117021803",1450,1316,1630
"704","12117021901",6573,2375,2289
"705","12117022001",2141,829,1018
"706","12117022201",2308,2550,2561
"707","13013180204",2273,809,838
"708","13045910200",1017,4091,4411
"709","13045911100",8986,2947,3133
"710","13057090300",715,3883,3771
"711","13057090400",5408,3317,2995
"712","13057090701",2068,6900,7277
"713","13057090702",2367,2597,3398
"714","13057090902",1604,5154,6169
"715","13057090904",1831,2703,3419
"716","13057091001",3135,1592,1604
"717","13057091003",2922,2811,3406
"718","13057091005",1730,2560,3565
"719","13057091006",1626,1659,2490
"720","13063040410",5811,2283,2357
"721","13063040514",515,2609,2700
"722","13063980000",48207,0,96
"723","13067030103",5394,3123,3919
"724","13067030219",1324,3050,3607
"725","13067030223",1284,2308,2740
"726","13067030227",4375,2748,4154
"727","13067030228",17408,2963,3127
"728","13067030229",15624,1148,1569
"729","13067030230",3438,5115,3366
"730","13067030318",1527,2796,3086
"731","13067030320",8792,3342,3199
"732","13067030328",1722,2279,3145
"733","13067030330",1313,1945,2589
"734","13067030332",2747,1132,1545
"735","13067030337",861,1724,2095
"736","13067030339",9695,3088,2725
"737","13067030343",686,1567,2238
"738","13067030344",7212,1893,2054
"739","13067030345",16673,2247,1947
"740","13067030411",3472,1622,1302
"741","13067030413",1029,2290,1962
"742","13067030414",5569,1323,1377
"743","13067030502",6933,2527,2948
"744","13067030602",10942,2949,3349
"745","13067031110",1314,1260,1553
"746","13067031111",823,1679,1868
"747","13067031206",9910,4427,3900
"748","13067031207",15128,1987,1944
"749","13067031208",9167,3066,3022
"750","13067031211",2602,2240,2064
"751","13067031212",491,973,1004
"752","13067031313",2543,3578,2848
"753","13077170402",1141,2842,3324
"754","13089020200",606,1051,1085
"755","13089020300",426,1518,1806
"756","13089020500",1309,1425,1294
"757","13089020600",765,865,893
"758","13089021202",8411,3002,3037
"759","13089021204",9650,1039,570
"760","13089021209",2035,2686,2688
"761","13089021211",269,1875,2075
"762","13089021215",20199,2657,2391
"763","13089021216",9672,3972,3288
"764","13089021218",2285,3329,2330
"765","13089021301",4334,1635,1394
"766","13089021303",3931,1850,1771
"767","13089021405",281,1946,2209
"768","13089021409",507,1149,848
"769","13089021411",328,1638,1354
"770","13089021414",1061,1436,1275
"771","13089021415",4782,1823,1441
"772","13089021502",4166,2457,2289
"773","13089021603",5911,2798,2546
"774","13089021703",1384,1842,1988
"775","13089021704",7322,2222,2435
"776","13089021806",9504,2339,2324
"777","13089021810",10683,2300,2475
"778","13089021912",247,1317,1251
"779","13089022203",7649,1274,772
"780","13089022800",1401,1311,1721
"781","13089023214",5610,1926,2055
"782","13089023312",638,3186,3605
"783","13113140208",5035,2749,2697
"784","13113140303",5272,1702,2321
"785","13113140306",2007,2674,3269
"786","13113140406",2170,1437,1732
"787","13117130203",349,1560,2880
"788","13117130204",216,1554,1064
"789","13117130205",1047,774,1121
"790","13117130302",796,1639,1511
"791","13117130306",1072,1459,1475
"792","13117130409",2654,1006,1103
"793","13117130505",92,1047,1250
"794","13117130602",2098,1484,2022
"795","13117130603",9933,1166,1186
"796","13117130604",1942,1432,2382
"797","13117130606",1468,1295,2817
"798","13117130607",494,1500,680
"799","13117130608",3507,1462,1056
"800","13121000200",2658,2686,2880
"801","13121000400",13248,998,959
"802","13121000500",7348,2498,1761
"803","13121000600",1680,2315,1564
"804","13121001001",4666,748,279
"805","13121001002",8384,341,1650
"806","13121001100",6295,2664,2040
"807","13121001201",1236,2361,2289
"808","13121001202",10201,2826,1578
"809","13121001300",1723,2257,2223
"810","13121001500",1574,2553,2234
"811","13121001700",3610,1421,1112
"812","13121001900",30246,1351,1087
"813","13121002800",2981,873,653
"814","13121002900",718,1282,1064
"815","13121003000",915,1616,1592
"816","13121003500",32668,767,945
"817","13121005200",864,1937,2145
"818","13121006400",204,430,505
"819","13121006900",882,1270,1354
"820","13121007705",1287,1781,1595
"821","13121007805",11145,1408,1606
"822","13121007806",408,2086,2398
"823","13121008602",2461,489,663
"824","13121008800",3558,1946,2205
"825","13121008902",11896,3267,3131
"826","13121008904",1201,2490,2160
"827","13121009000",711,1880,1828
"828","13121009101",7202,2791,2329
"829","13121009102",4409,2146,1596
"830","13121009200",4613,3609,2702
"831","13121009502",5878,2461,1194
"832","13121009601",3497,1482,982
"833","13121009602",18775,2584,1844
"834","13121009603",6018,2529,1836
"835","13121009802",8940,1850,1455
"836","13121010001",13271,2230,1861
"837","13121010002",10857,3180,2488
"838","13121010110",22230,2781,2104
"839","13121010113",4916,2446,1780
"840","13121010118",2775,2159,2162
"841","13121010119",5290,2108,2301
"842","13121010122",6550,2895,2242
"843","13121010123",7325,1908,2369
"844","13121010204",5336,1803,1874
"845","13121010205",4444,2196,2188
"846","13121010209",2120,2639,2904
"847","13121010303",11145,3392,3475
"848","13121010400",1329,2862,3221
"849","13121010510",3918,6126,5598
"850","13121010513",3948,4704,4854
"851","13121011306",1535,1006,1048
"852","13121011405",4379,2797,2830
"853","13121011410",500,2526,2827
"854","13121011412",5846,3515,4170
"855","13121011414",1106,3032,3598
"856","13121011416",2876,2029,2380
"857","13121011417",3067,1964,1822
"858","13121011418",2826,2190,2824
"859","13121011419",2656,2342,1867
"860","13121011420",1341,2157,1972
"861","13121011421",8621,1597,1163
"862","13121011422",750,1530,1674
"863","13121011423",729,1869,2307
"864","13121011427",4218,2929,3452
"865","13121011504",933,3741,3981
"866","13121011506",881,2104,2620
"867","13121011610",1112,1895,2571
"868","13121011611",20625,2848,2299
"869","13121011614",12529,5831,4710
"870","13121011615",2424,3155,4732
"871","13121011616",5510,2227,2473
"872","13121011617",1849,2863,3355
"873","13121011618",6219,1506,1103
"874","13121011619",11697,2959,3246
"875","13121011620",1307,3084,3774
"876","13121011621",15130,2269,2763
"877","13121011622",5712,2759,3556
"878","13121011623",2193,4043,3686
"879","13121011900",48027,1509,1266
"880","13121980000",1497,0,0
"881","13135050103",959,3368,4447
"882","13135050105",4120,1276,2112
"883","13135050106",7958,3465,3897
"884","13135050205",5026,1559,1907
"885","13135050209",2161,3222,2339
"886","13135050210",6490,2529,2289
"887","13135050212",2637,3696,5154
"888","13135050213",5198,3518,4220
"889","13135050214",2578,2727,4585
"890","13135050216",5036,2695,3076
"891","13135050217",9035,3578,2206
"892","13135050220",1378,2755,2460
"893","13135050304",8267,1909,1683
"894","13135050306",12710,1048,1209
"895","13135050308",6429,1184,1821
"896","13135050309",8473,3187,4012
"897","13135050310",16315,2315,2656
"898","13135050311",4800,1173,1535
"899","13135050313",2204,2379,2878
"900","13135050317",566,1477,1623
"901","13135050417",1696,1747,1470
"902","13135050421",6748,2435,2434
"903","13135050422",722,2037,2363
"904","13135050423",4656,2222,2285
"905","13135050424",2734,2292,2374
"906","13135050511",10769,3411,3839
"907","13135050521",9837,1743,2427
"908","13135050524",445,1940,2361
"909","13135050529",6116,1363,2168
"910","13135050530",1050,1894,2206
"911","13135050535",2853,2019,2344
"912","13135050537",3647,1624,1937
"913","13135050542",5982,2106,1028
"914","13135050548",4614,2905,4240
"915","13135050610",1604,4582,5277
"916","13135050720",4034,2555,3352
"917","13135050725",1213,1763,2760
"918","13139001607",2785,1630,1676
"919","13143010400",3648,2852,2766
"920","13151070104",2333,4658,5093
"921","13151070205",920,3422,3730
"922","13151070306",4079,3114,3250
"923","13199970800",1468,2000,1955
"924","13217100400",3887,1035,1409
"925","13223120103",722,2769,3326
"926","13247060304",9677,2259,2309
"927","13247060306",1727,942,1043
"928","13255160500",4834,2497,2683
"929","13255161200",5537,3282,3718
"930","17133600102",1928,1748,2109
"931","17163501700",7137,1153,1285
"932","17163503203",1159,2653,3539
"933","17163503906",1528,2107,2774
"934","17163504352",1658,1871,1914
"935","17163504354",3026,2562,2906
"936","18011810605",4473,2397,2790
"937","18013974900",1376,1966,1959
"938","18019050100",3263,914,832
"939","18019050200",8858,1432,1388
"940","18019050801",798,2321,3023
"941","18043070500",2725,1252,1136
"942","18043070901",1745,2416,2823
"943","18057110401",3060,1450,2924
"944","18057110506",5496,3058,3462
"945","18057110805",789,2734,7714
"946","18057110807",6056,2195,2749
"947","18057110808",2036,6017,5262
"948","18057110810",10630,2795,3244
"949","18057110906",2719,2089,4860
"950","18057111001",6760,3687,4638
"951","18057111007",4812,1698,2693
"952","18057111008",14299,2739,1705
"953","18057111101",2278,1382,2256
"954","18057111102",15359,3303,4271
"955","18059410200",1852,4066,5202
"956","18061060400",4746,2971,3171
"957","18063210201",2558,1584,1950
"958","18081610100",3192,4486,4690
"959","18081610201",2729,1926,2392
"960","18081610202",943,4103,4102
"961","18097310104",16673,2130,1926
"962","18097310105",12265,1607,1895
"963","18097310106",2490,1938,1841
"964","18097310201",13141,1498,2046
"965","18097310204",3151,1903,2190
"966","18097310306",4122,2225,2160
"967","18097320107",4961,747,914
"968","18097320108",8767,2458,2234
"969","18097320202",6523,1814,2017
"970","18097320204",13976,2679,2141
"971","18097320301",2966,1785,1772
"972","18097320303",1838,1898,1871
"973","18097320304",5014,3007,3248
"974","18097321800",588,1590,2044
"975","18097330103",4372,2428,2828
"976","18097330105",21898,2345,2410
"977","18097330106",6525,2516,2142
"978","18097330401",887,2175,2780
"979","18097342101",2813,1817,2195
"980","18097342200",8996,1985,2037
"981","18097350300",974,1135,749
"982","18097353300",15678,1533,1348
"983","18097354200",16444,2988,2235
"984","18097354400",1101,627,730
"985","18097356400",3572,1314,1072
"986","18097360402",5125,654,798
"987","18097360602",2916,2364,2232
"988","18097360700",1121,820,1012
"989","18097390102",4560,2182,2403
"990","18097390600",3023,2236,1822
"991","18097391000",98753,2489,1928
"992","18133956500",1139,2324,2590
"993","20091050400",1550,2141,2407
"994","20091050600",2997,2025,2556
"995","20091051803",2441,2021,2119
"996","20091051804",3463,2424,2473
"997","20091051805",6248,2336,2684
"998","20091051904",4487,2427,3077
"999","20091051906",1552,2449,2577
"1000","20091051909",336,2315,2881
"1001","20091052201",1478,1373,1931
"1002","20091052405",3866,2966,3752
"1003","20091052504",653,2105,1897
"1004","20091052604",1983,581,360
"1005","20091052908",4049,2546,2901
"1006","20091053002",2253,2279,2536
"1007","20091053005",3231,657,1009
"1008","20091053006",1237,1726,1411
"1009","20091053101",7928,1940,2248
"1010","20091053102",10747,1869,2399
"1011","20091053201",23736,932,1062
"1012","20091053203",7268,2304,2219
"1013","20091053301",5155,2198,2091
"1014","20091053418",2108,1357,1730
"1015","20091053421",90,1330,624
"1016","20091053602",7861,2488,3268
"1017","20091980001",24700,2,338
"1018","20091980002",9899,12,43
"1019","20103070100",3414,1019,654
"1020","20103070500",4931,1836,1666
"1021","20209043000",1230,39,109
"1022","20209043400",794,825,1009
"1023","21029020101",495,1464,1749
"1024","21111002700",5442,1163,906
"1025","21111004900",50453,1773,999
"1026","21111005000",2331,896,510
"1027","21111005900",20062,2241,1459
"1028","21111006400",646,929,943
"1029","21111007400",2867,1014,1045
"1030","21111007501",867,2076,1991
"1031","21111007800",1080,1536,1646
"1032","21111008100",2240,1634,1551
"1033","21111009103",6175,586,727
"1034","21111010001",1645,2075,2127
"1035","21111010102",11842,1686,1943
"1036","21111010104",2262,1485,1566
"1037","21111010318",2881,2552,2234
"1038","21111010402",2843,2733,2855
"1039","21111010405",1464,2089,1920
"1040","21111010406",10474,2287,2501
"1041","21111010500",3691,1739,1704
"1042","21111010601",11574,1591,1501
"1043","21111010705",6572,2876,2948
"1044","21111011102",23247,2689,2974
"1045","21111011200",4307,2602,2262
"1046","21111011301",31056,1038,1019
"1047","21111011513",482,1795,2476
"1048","21111011519",299,1924,2500
"1049","21111980100",19974,0,9
"1050","21185030701",393,775,1344
"1051","21185030702",3894,1753,1907
"1052","21211040302",2932,1250,1442
"1053","24003701300",1662,2725,3535
"1054","24003702300",4586,1944,2592
"1055","24003702402",12785,3030,2491
"1056","24003702500",1470,2176,2579
"1057","24003702701",11146,2203,2089
"1058","24003702702",2149,1505,1643
"1059","24003706101",6515,1719,1503
"1060","24003706302",2102,1798,1559
"1061","24003706402",297,1439,1514
"1062","24003706500",5943,2259,2320
"1063","24003708001",527,1464,1434
"1064","24003730502",4647,2400,3064
"1065","24003731203",543,2504,3523
"1066","24003740102",8796,2598,3111
"1067","24003740201",1413,2690,3658
"1068","24003740304",2761,1587,1909
"1069","24003740800",1543,1616,2183
"1070","24003741000",3703,810,1174
"1071","24003751200",39607,1477,2195
"1072","24003751400",6134,1562,2223
"1073","24005400800",1696,1086,1360
"1074","24005401507",3581,2023,2531
"1075","24005402202",65,614,856
"1076","24005402407",6007,567,733
"1077","24005402603",3542,2342,2994
"1078","24005403300",603,998,1268
"1079","24005403402",7195,2050,1930
"1080","24005404101",8687,1755,1931
"1081","24005404102",6403,2067,3016
"1082","24005408100",7038,2314,2701
"1083","24005408400",30286,423,370
"1084","24005408505",4966,1536,1938
"1085","24005408800",7499,1018,1183
"1086","24005411202",631,1502,1837
"1087","24005420900",550,1477,1667
"1088","24005430400",13090,1633,2192
"1089","24005440600",7649,750,1221
"1090","24005451200",6919,1573,2011
"1091","24005451701",3157,1051,1350
"1092","24005452300",1635,1113,1275
"1093","24005490400",854,698,780
"1094","24005490900",10955,2270,1874
"1095","24005491201",3723,826,1027
"1096","24005492500",2607,73,559
"1097","24009860200",1394,1967,1988
"1098","24013504100",899,1846,2629
"1099","24013507601",4123,1781,2601
"1100","24013507702",922,1704,2069
"1101","24013508101",805,1765,2371
"1102","24013509002",270,998,1534
"1103","24013513001",2443,1714,2028
"1104","24013514100",1717,1249,1835
"1105","24017850901",5729,2265,2790
"1106","24017851002",5444,3346,4016
"1107","24017851500",2686,3133,3505
"1108","24021750100",568,635,992
"1109","24021750200",5898,924,1108
"1110","24021750803",1968,2255,2903
"1111","24021751003",15798,2124,2072
"1112","24021752001",1013,1646,2518
"1113","24021752301",2101,1380,1572
"1114","24021752302",2224,1451,1602
"1115","24021752303",1278,908,1483
"1116","24025303501",4051,2506,2695
"1117","24025304202",1148,2330,3502
"1118","24027601103",1092,2012,2909
"1119","24027601105",1235,1605,1938
"1120","24027601108",373,1478,1834
"1121","24027601203",6587,980,1468
"1122","24027601204",3931,1923,2264
"1123","24027602201",1171,1068,1518
"1124","24027602302",9189,2449,3474
"1125","24027603001",831,1999,1405
"1126","24027605102",3056,2609,3603
"1127","24027605103",704,1643,2526
"1128","24027605402",10253,3570,3225
"1129","24027606603",1275,2942,3841
"1130","24027606606",1233,1963,2565
"1131","24027606701",4302,938,1473
"1132","24027606705",2543,818,1188
"1133","24027606706",4025,1893,2431
"1134","24027606707",22926,1450,1896
"1135","24027606803",3370,2371,3061
"1136","24027606804",1857,1278,1689
"1137","24027606901",15523,1999,2868
"1138","24027606904",1718,1325,2144
"1139","24027606905",6801,2349,3065
"1140","24031700101",733,1393,2260
"1141","24031700105",7045,2056,3155
"1142","24031700304",5031,2602,3279
"1143","24031700309",6328,2106,2518
"1144","24031700311",1417,2017,2213
"1145","24031700610",175,693,1132
"1146","24031700616",784,1511,2154
"1147","24031700704",2891,975,1362
"1148","24031700713",2964,2002,2501
"1149","24031700718",11170,1957,4
"1150","24031700719",4255,2333,2748
"1151","24031700722",5480,1720,2002
"1152","24031700723",4133,1819,1277
"1153","24031700724",1114,1231,1508
"1154","24031700816",1713,2716,3742
"1155","24031700817",12929,2471,2360
"1156","24031700818",1926,2483,3098
"1157","24031700826",2755,2635,1420
"1158","24031700830",2158,1001,700
"1159","24031700901",15994,2213,1787
"1160","24031700902",722,1195,1863
"1161","24031700903",4065,675,912
"1162","24031700904",10492,1337,1033
"1163","24031701001",2879,1991,2390
"1164","24031701002",1066,1255,1573
"1165","24031701004",13474,1937,2344
"1166","24031701007",11200,1374,14
"1167","24031701102",526,2091,2975
"1168","24031701202",3101,1035,1288
"1169","24031701205",18982,2383,2890
"1170","24031701211",10223,2441,2634
"1171","24031701213",13493,2851,2796
"1172","24031701216",14971,2384,1265
"1173","24031701218",5561,1413,1233
"1174","24031701312",783,2045,3513
"1175","24031701314",569,1031,1593
"1176","24031701421",4681,524,665
"1177","24031701507",501,1750,2493
"1178","24031702302",209,1617,2402
"1179","24031702500",20229,3047,2467
"1180","24031702800",3621,2186,2607
"1181","24031704401",1587,1082,1494
"1182","24031704803",3596,1938,1916
"1183","24031704804",19685,977,639
"1184","24031704805",6649,1181,918
"1185","24031704806",6629,1742,1433
"1186","24031705501",1741,1491,917
"1187","24031705602",4054,2383,1742
"1188","24031706008",958,1767,2004
"1189","24031706012",3518,1688,1277
"1190","24033800102",779,1341,1638
"1191","24033800105",2072,1322,2128
"1192","24033800215",430,1034,1433
"1193","24033800403",420,1320,1882
"1194","24033800408",587,2064,3267
"1195","24033800411",2279,1390,2090
"1196","24033800504",1858,1703,2477
"1197","24033800515",1146,1503,2288
"1198","24033801404",3051,1949,2224
"1199","24033802201",2986,824,1120
"1200","24033803300",4248,1452,2015
"1201","24033803509",2149,966,1210
"1202","24033803514",5130,2115,2229
"1203","24033803516",5032,1670,2385
"1204","24033803519",520,1570,2371
"1205","24033803602",10621,651,905
"1206","24033803606",1033,1526,2661
"1207","24033803608",5505,1747,2753
"1208","24033805908",4542,809,877
"1209","24033806706",1621,1457,1969
"1210","24033806708",1886,2173,2138
"1211","24033806710",4931,2292,3142
"1212","24033806713",2050,1218,1392
"1213","24033807200",16870,1391,1725
"1214","24033807407",1191,2182,3060
"1215","24033807408",9704,2362,3156
"1216","24033807409",1387,1205,2076
"1217","24035810800",1912,2249,2767
"1218","24035810901",1300,1861,2229
"1219","24035810902",225,1114,1617
"1220","24510010100",845,1530,1584
"1221","24510010400",1714,1663,1383
"1222","24510030100",601,1170,889
"1223","24510040100",64167,2465,1617
"1224","24510090800",1043,1033,1123
"1225","24510130700",2329,2620,1904
"1226","24510130806",2148,628,611
"1227","24510230200",817,1078,1204
"1228","24510240100",3102,1297,1406
"1229","24510240300",192,1114,1263
"1230","24510240400",1481,1280,1545
"1231","24510250206",3648,1008,1252
"1232","24510260402",678,1086,1073
"1233","24510260404",5106,620,649
"1234","24510260605",10679,1927,1784
"1235","24510260900",2443,1281,1364
"1236","25005600202",4981,1912,56
"1237","25009204300",3687,1659,43
"1238","25009204500",2130,1663,28
"1239","25009204600",911,2170,49
"1240","25009204701",2877,2539,68
"1241","25009208300",2757,2748,52
"1242","25009208400",5424,2252,34
"1243","25009210300",7641,4568,73
"1244","25009210400",7171,2829,84
"1245","25009211100",2935,1508,36
"1246","25009211402",5213,2476,93
"1247","25009212100",5300,2898,93
"1248","25009213100",1219,2687,202
"1249","25009214100",2427,2091,69
"1250","25009217300",9748,1862,40
"1251","25009218100",1817,2147,49
"1252","25009250100",6765,1336,72
"1253","25009251600",3631,1926,186
"1254","25009252300",3451,2653,313
"1255","25009253100",2829,2339,194
"1256","25009253202",4255,2485,240
"1257","25009253203",971,1452,122
"1258","25009254100",3891,2493,166
"1259","25009254402",12288,2305,233
"1260","25009261000",1243,1630,201
"1261","25009267102",2920,1733,323
"1262","25009268200",6879,2609,233
"1263","25009268300",4984,2096,179
"1264","25017310100",9137,2599,107
"1265","25017311600",4745,1844,173
"1266","25017312300",1639,2001,184
"1267","25017315100",3244,1874,216
"1268","25017315402",1478,961,105
"1269","25017316300",7195,3307,193
"1270","25017316400",3282,1948,178
"1271","25017316500",5949,2154,154
"1272","25017317101",2668,2688,207
"1273","25017317203",3892,1573,145
"1274","25017318400",6333,1314,140
"1275","25017320104",2260,2295,86
"1276","25017321400",11823,1241,56
"1277","25017321500",2219,2600,97
"1278","25017322100",2339,1722,78
"1279","25017322400",1537,1755,80
"1280","25017324102",2549,1527,95
"1281","25017330200",5660,2635,83
"1282","25017331101",6990,1094,37
"1283","25017331200",1100,1802,74
"1284","25017331300",1440,2292,116
"1285","25017332200",4573,3378,110
"1286","25017332300",3484,2408,104
"1287","25017332400",22411,1466,60
"1288","25017333400",4802,2467,93
"1289","25017333501",8343,1946,75
"1290","25017333600",15985,2767,83
"1291","25017335100",6225,2417,85
"1292","25017335302",5068,1799,30
"1293","25017337300",3135,2257,58
"1294","25017341300",5409,2427,45
"1295","25017350900",2034,1595,23
"1296","25017352102",9211,1232,19
"1297","25017352300",5946,1775,14
"1298","25017352400",10286,791,20
"1299","25017352700",825,977,19
"1300","25017353000",3873,1906,33
"1301","25017353101",3495,962,3
"1302","25017353200",1386,1612,26
"1303","25017353900",1178,1453,58
"1304","25017354300",1275,1551,28
"1305","25017354600",6239,2078,35
"1306","25017356100",459,1379,30
"1307","25017356500",855,2839,74
"1308","25017356601",1032,1939,53
"1309","25017358400",4116,1836,47
"1310","25017358600",9082,2175,73
"1311","25017359100",13174,2465,92
"1312","25017361100",4117,2342,70
"1313","25017361200",3143,1852,93
"1314","25017363102",4745,2496,113
"1315","25017363103",970,1154,17
"1316","25017364102",1905,1996,74
"1317","25017365100",1388,2446,101
"1318","25017366100",1374,1791,54
"1319","25017368101",1903,2643,72
"1320","25017368102",4529,1385,50
"1321","25017368200",19551,1772,46
"1322","25017368300",2989,2435,67
"1323","25017368400",6009,2319,93
"1324","25017368600",997,2327,73
"1325","25017368902",1805,1531,38
"1326","25017369000",693,564,17
"1327","25017369100",3427,1973,48
"1328","25017370102",5312,3281,76
"1329","25017370300",8757,2738,69
"1330","25017373100",2743,2085,67
"1331","25017373200",2899,1936,49
"1332","25017373700",1758,1363,50
"1333","25017373800",2324,2398,64
"1334","25017374000",4833,1721,71
"1335","25017374300",3543,1300,55
"1336","25017374500",2167,1651,43
"1337","25017374800",3036,1463,56
"1338","25017382100",4433,1801,49
"1339","25017382601",570,2185,51
"1340","25017382602",5934,1697,53
"1341","25017383600",12491,2398,81
"1342","25017384001",2524,553,46
"1343","25017384002",4837,2620,42
"1344","25017387100",2246,1550,91
"1345","25017388200",2377,2264,154
"1346","25017388300",2069,1669,125
"1347","25021400200",2638,2839,77
"1348","25021400800",3670,2529,73
"1349","25021401200",2183,2413,67
"1350","25021402300",1038,1612,53
"1351","25021403100",2274,2301,83
"1352","25021403500",8716,2110,71
"1353","25021404100",10369,1395,55
"1354","25021404400",3620,1668,101
"1355","25021410300",2128,1627,154
"1356","25021411100",4479,2968,129
"1357","25021411302",2070,1334,58
"1358","25021412200",768,1403,64
"1359","25021412300",6636,1597,96
"1360","25021413500",7444,1718,69
"1361","25021414100",1866,2042,110
"1362","25021414200",486,2361,128
"1363","25021415101",3086,1667,49
"1364","25021415102",13489,3227,87
"1365","25021417200",2307,3222,102
"1366","25021417602",1304,2307,66
"1367","25021417701",9488,2782,64
"1368","25021418003",5374,1255,52
"1369","25021418004",3293,1867,26
"1370","25021418200",2396,2678,64
"1371","25021419100",11030,2150,62
"1372","25021419800",7802,1729,33
"1373","25021420201",439,1183,39
"1374","25021421200",1562,2084,59
"1375","25021422301",1268,1087,24
"1376","25021422502",1668,2257,55
"1377","25021441204",1381,1487,122
"1378","25021442102",6794,2581,222
"1379","25021442201",1605,1401,108
"1380","25023501202",7044,2855,45
"1381","25023502200",5034,2355,59
"1382","25023503101",3923,2340,59
"1383","25023503102",3376,2369,54
"1384","25023504101",8444,1833,32
"1385","25023507104",1973,1926,68
"1386","25023510700",1189,2038,50
"1387","25023524101",5066,1038,30
"1388","25023524102",1996,1533,55
"1389","25023530100",7634,1519,32
"1390","25023530600",3309,1711,81
"1391","25023540101",2623,1442,42
"1392","25025000100",9768,1616,37
"1393","25025000602",2253,1968,59
"1394","25025000701",260,2294,50
"1395","25025000802",3460,3011,90
"1396","25025000803",1445,882,33
"1397","25025010500",2849,1655,34
"1398","25025010600",19191,1854,27
"1399","25025010702",18205,1402,4
"1400","25025020302",1603,675,6
"1401","25025020303",14237,1632,29
"1402","25025030200",649,1044,16
"1403","25025030300",71608,2468,53
"1404","25025040600",4959,1238,20
"1405","25025051200",346,1023,19
"1406","25025060600",19533,1370,10
"1407","25025061200",9415,1753,23
"1408","25025070101",68795,2875,27
"1409","25025070300",22131,2448,35
"1410","25025071101",12357,2088,31
"1411","25025071201",3404,1304,11
"1412","25025100100",1303,1895,25
"1413","25025110103",1712,2186,62
"1414","25025120201",1378,1659,33
"1415","25025120301",1333,1784,29
"1416","25025160400",8150,943,35
"1417","25025981202",3813,0,0
"1418","27003050220",794,2144,3233
"1419","27003050227",1207,1439,2231
"1420","27003050228",2559,1748,2186
"1421","27003050501",5006,1447,1489
"1422","27003050710",6410,1380,1832
"1423","27003050821",1998,1840,801
"1424","27003051101",5396,2064,2376
"1425","27003051206",4410,1010,1130
"1426","27019090301",3378,2658,3240
"1427","27019090302",2123,1643,2633
"1428","27019090701",5373,2383,3454
"1429","27019090900",5358,1943,2992
"1430","27037060605",9234,631,885
"1431","27037060710",2265,1493,2097
"1432","27037060711",5131,2099,2103
"1433","27037060717",13695,812,1385
"1434","27037060725",4730,1676,1949
"1435","27037060726",6840,1228,1351
"1436","27037060733",434,1634,2162
"1437","27037060737",1126,2222,2201
"1438","27037060739",5182,1928,2729
"1439","27037060748",7395,1326,1734
"1440","27037060820",1452,2447,4075
"1441","27037061108",3878,2371,3043
"1442","27053000601",1136,1994,2309
"1443","27053008100",957,1859,2195
"1444","27053020200",5663,2799,3415
"1445","27053020400",3817,1831,2131
"1446","27053021601",6797,1787,2227
"1447","27053021602",9937,2481,2628
"1448","27053021800",4710,1006,1007
"1449","27053021900",14758,1472,1746
"1450","27053022000",11099,921,952
"1451","27053022101",2054,1258,1505
"1452","27053022200",1676,2060,2659
"1453","27053022901",5583,2589,2508
"1454","27053023300",6173,2575,2649
"1455","27053023400",3381,2843,3326
"1456","27053023902",998,674,815
"1457","27053023903",10089,1441,1296
"1458","27053024003",7332,1975,2043
"1459","27053024901",110,375,624
"1460","27053025100",20021,1250,1398
"1461","27053025201",5011,1679,2016
"1462","27053025601",6063,1002,1144
"1463","27053025603",11916,1546,1960
"1464","27053025702",4211,2049,2168
"1465","27053025903",6901,2719,2961
"1466","27053026006",2834,1284,1538
"1467","27053026007",23245,1929,2286
"1468","27053026020",5894,2058,2219
"1469","27053026103",2011,1104,1456
"1470","27053026104",10288,2096,1839
"1471","27053026208",4282,1163,1659
"1472","27053026301",11488,1492,1716
"1473","27053026402",1903,3173,3142
"1474","27053026403",3676,1510,1311
"1475","27053026404",8117,2249,2613
"1476","27053026507",9311,2076,2623
"1477","27053026512",1956,2489,3089
"1478","27053026514",19175,2164,2617
"1479","27053026605",1202,1297,1739
"1480","27053026609",744,1160,1542
"1481","27053026611",2343,2300,2582
"1482","27053026613",1882,2196,2630
"1483","27053026707",2154,1741,3161
"1484","27053026710",9906,3118,4735
"1485","27053026711",4637,1251,1851
"1486","27053026712",1746,1324,1906
"1487","27053026820",516,3800,5913
"1488","27053026908",323,2125,3952
"1489","27053026909",6844,3944,5719
"1490","27053027002",2274,1964,2450
"1491","27053027101",3102,1971,2461
"1492","27053027203",874,1685,1543
"1493","27053027300",4869,1795,1672
"1494","27053027501",2387,2006,2196
"1495","27053102300",2792,621,472
"1496","27053102600",2247,712,958
"1497","27053103600",2244,1238,1206
"1498","27053103700",1922,1787,1270
"1499","27053104000",15060,2466,1900
"1500","27053104100",801,1202,1300
"1501","27053104400",32242,1171,977
"1502","27053105201",2139,1981,1266
"1503","27053105400",8880,1669,1540
"1504","27053106200",1408,1782,1483
"1505","27053108000",1236,1857,1989
"1506","27053109100",1750,2502,2369
"1507","27053111200",614,1308,1720
"1508","27053125500",8088,1669,1768
"1509","27053125900",637,1141,1196
"1510","27053126100",81444,2768,2443
"1511","27053126200",10082,2228,2376
"1512","27123033200",7228,1369,1401
"1513","27123034201",32612,1267,779
"1514","27123034202",8234,3162,2104
"1515","27123035500",734,1305,1298
"1516","27123040402",4759,2139,2453
"1517","27123040504",1089,1630,2050
"1518","27123040601",1443,2005,1879
"1519","27123040703",2385,2842,3329
"1520","27123040704",5149,2306,2700
"1521","27123040902",1764,1552,1852
"1522","27123041105",2411,2107,2550
"1523","27123041302",16300,1491,1610
"1524","27123041800",4809,1578,1992
"1525","27123042002",713,1130,994
"1526","27123042101",4136,2720,2486
"1527","27123042201",1097,520,726
"1528","27123042202",1191,1900,2450
"1529","27123042601",1371,1715,2068
"1530","27139080204",464,1064,1496
"1531","27139080904",1216,2937,3727
"1532","27141030502",5846,4085,5712
"1533","27141030504",843,1606,2016
"1534","27163070502",2119,1754,1973
"1535","27163070910",2989,1953,2404
"1536","27163071006",4375,1859,2424
"1537","27163071010",2139,1942,2933
"1538","27163071102",1051,1699,2177
"1539","27163071208",1020,1814,2690
"1540","27171100100",1067,4479,6667
"1541","27171100204",4053,3211,4299
"1542","27171101300",1802,1676,1941
"1543","29013070200",146,1695,1276
"1544","29037060001",700,1604,2081
"1545","29037060600",1682,2926,3503
"1546","29037060904",1998,1242,1489
"1547","29037061001",407,1690,2129
"1548","29037061200",546,1497,1579
"1549","29047020202",1710,1665,1858
"1550","29047020801",7339,2670,3133
"1551","29047021404",2877,1729,1918
"1552","29047022100",23985,2416,2356
"1553","29071800201",2577,2293,2636
"1554","29095004400",3647,603,486
"1555","29095007300",10677,2209,1546
"1556","29095009300",1681,1282,1427
"1557","29095009900",5662,1061,1300
"1558","29095013504",386,1126,686
"1559","29095013703",3233,2440,2333
"1560","29095014007",1745,2068,2336
"1561","29095014806",925,1621,2009
"1562","29095015200",5509,1015,1051
"1563","29095015500",16448,540,639
"1564","29095015700",25530,1418,1213
"1565","29095015800",18600,786,870
"1566","29095015900",14248,567,589
"1567","29095017900",7177,2068,2454
"1568","29099700203",403,2232,2872
"1569","29099700210",1790,1705,2259
"1570","29107090200",1564,2295,2357
"1571","29165030002",3691,1259,1295
"1572","29165030201",9127,681,738
"1573","29165030205",497,3096,3049
"1574","29183310201",420,1131,14
"1575","29183310502",5579,1196,1325
"1576","29183311151",5508,1996,2868
"1577","29183311153",3273,2478,1529
"1578","29183311802",3793,2527,2979
"1579","29183311904",946,2213,1774
"1580","29183311908",1016,1101,656
"1581","29183312095",2016,1228,2159
"1582","29189213102",24515,226,365
"1583","29189213202",4931,2732,2944
"1584","29189213300",3039,3179,3000
"1585","29189213400",3247,2707,2926
"1586","29189214300",4133,1613,1666
"1587","29189214500",3260,1371,1493
"1588","29189215001",23930,1264,1452
"1589","29189215003",9420,1990,2128
"1590","29189215005",1419,2650,2245
"1591","29189215102",7368,2190,2322
"1592","29189215143",11356,1206,1474
"1593","29189215201",18238,2467,2445
"1594","29189215202",11121,2755,2624
"1595","29189215302",2131,1236,1308
"1596","29189215400",3804,1933,1799
"1597","29189215600",17447,1952,2004
"1598","29189215700",1420,2568,2577
"1599","29189216100",2623,2713,2054
"1600","29189216500",18571,1584,1422
"1601","29189216600",4462,827,835
"1602","29189216700",2280,1783,1753
"1603","29189217000",3750,2015,2034
"1604","29189217300",7662,1488,1542
"1605","29189217400",1858,2466,2409
"1606","29189217701",13207,1653,1913
"1607","29189218011",2122,2870,3167
"1608","29189218600",2425,1293,1137
"1609","29189218900",4802,2741,3096
"1610","29189219100",778,1654,1866
"1611","29189220601",5612,2682,3309
"1612","29189220702",610,1643,1831
"1613","29189221201",4745,1408,1349
"1614","29189221332",1066,1755,2231
"1615","29189221423",17777,1556,2063
"1616","29189221424",723,1725,2225
"1617","29189221506",1139,1703,2311
"1618","29189221628",10053,3447,2360
"1619","29189221629",12930,1801,2443
"1620","29219820103",1148,2649,3117
"1621","29510103600",3751,646,739
"1622","29510105198",1246,1839,1363
"1623","29510113500",2691,1256,1250
"1624","29510117100",3181,993,873
"1625","29510117200",188,2319,2560
"1626","29510118400",5175,380,224
"1627","29510118600",14841,1352,1166
"1628","29510121100",1810,988,545
"1629","29510123200",353,1255,1144
"1630","29510125500",34576,1648,1179
"1631","29510125600",34960,2448,1547
"1632","29510126800",3497,1789,2165
"1633","29510126900",5625,1874,1723
"1634","29510127400",7683,2046,1747
"1635","29510127500",6571,1264,931
"1636","32003000203",10800,1423,1615
"1637","32003000523",465,822,366
"1638","32003001803",722,1034,1275
"1639","32003002204",622,1230,946
"1640","32003002302",23789,528,238
"1641","32003002303",1507,523,0
"1642","32003002404",758,1906,1428
"1643","32003002501",5031,2563,2267
"1644","32003002506",2026,1613,1438
"1645","32003002808",1395,775,955
"1646","32003002811",1610,1520,2181
"1647","32003002837",3891,2088,3339
"1648","32003002847",21781,1562,2062
"1649","32003002915",1449,2070,2363
"1650","32003002916",2036,1190,1241
"1651","32003002947",3275,1024,1213
"1652","32003002956",18254,1426,1515
"1653","32003002962",33693,960,742
"1654","32003002974",1903,2030,3681
"1655","32003002978",689,969,937
"1656","32003002995",6680,1245,1238
"1657","32003003001",209,1170,1551
"1658","32003003102",694,1718,2087
"1659","32003003218",1213,1967,2419
"1660","32003003219",720,2705,2713
"1661","32003003241",386,1530,1751
"1662","32003003412",399,1749,2388
"1663","32003003414",1740,748,1304
"1664","32003003415",7638,2342,3288
"1665","32003003615",2273,946,1345
"1666","32003003616",8034,1542,2277
"1667","32003003642",1382,998,1078
"1668","32003003700",7341,1048,1286
"1669","32003004602",4383,771,955
"1670","32003005016",212,1892,1915
"1671","32003005102",542,1860,2615
"1672","32003005108",1023,1459,1605
"1673","32003005109",2155,2774,3762
"1674","32003005319",770,1016,1457
"1675","32003005320",55,1136,1664
"1676","32003005322",1060,487,758
"1677","32003005349",2147,1653,1357
"1678","32003005612",205,634,229
"1679","32003005714",687,3303,3156
"1680","32003005715",198,1707,1838
"1681","32003005811",1258,3022,4063
"1682","32003005813",1190,1726,1947
"1683","32003005825",377,2642,2337
"1684","32003005826",627,1496,1757
"1685","32003005841",264,1655,331
"1686","32003005844",562,2605,4623
"1687","32003005851",1817,2071,512
"1688","32003005853",204,2836,0
"1689","32003005854",2503,3403,688
"1690","32003006700",96545,466,744
"1691","32003006900",10651,786,840
"1692","33015061001",2708,2484,2421
"1693","33015063001",2618,1585,1144
"1694","33015065001",4831,3408,3016
"1695","33015067501",1613,2859,2847
"1696","33015069100",4519,2136,1704
"1697","33015069300",1101,1033,1025
"1698","33015100100",600,2411,2024
"1699","33015100200",2504,2147,1674
"1700","33015100301",9636,1725,1424
"1701","33015100302",1230,1768,1125
"1702","33015101100",5124,2911,2137
"1703","33015104101",1365,1978,1330
"1704","33015105100",1417,2288,1979
"1705","33015107100",3973,1134,1136
"1706","33015107200",5318,2718,2511
"1707","33015107400",8996,491,641
"1708","33015107500",7329,1664,1814
"1709","33017081300",1758,2221,2052
"1710","33017081400",1117,869,952
"1711","33017081500",4309,2525,2763
"1712","33017084600",1626,1146,1306
"1713","33017085000",1464,3229,3742
"1714","35001000122",3634,1948,1824
"1715","35001000601",3062,1792,1680
"1716","35001001200",8974,2951,2397
"1717","35001001500",929,1275,1088
"1718","35001001700",4607,2815,2111
"1719","35001002100",20173,552,485
"1720","35001002500",2053,1008,966
"1721","35001002700",5881,1936,1613
"1722","35001003001",723,1948,1841
"1723","35001003400",18646,1831,1559
"1724","35001003501",3624,2388,2303
"1725","35001003502",1712,2179,2301
"1726","35001003724",1254,1575,1493
"1727","35001003725",5086,2044,2126
"1728","35001003728",1648,2252,2083
"1729","35001003733",5749,1302,1188
"1730","35001003735",4077,2774,1668
"1731","35001003736",29098,882,1836
"1732","35001004001",5273,1516,1607
"1733","35043010601",783,1806,1445
"1734","35043010703",5407,2920,4186
"1735","35043010713",23,1979,2714
"1736","37037020800",3765,3597,3892
"1737","37051003800",8047,1039,950
"1738","37063000700",2390,1397,1442
"1739","37063001706",808,2136,2191
"1740","37063002015",4153,2288,2049
"1741","37063002027",11645,3477,3421
"1742","37063002028",17604,2981,1149
"1743","37063002200",10825,900,886
"1744","37063980100",26701,2,313
"1745","37101041001",976,2819,3270
"1746","37101041002",2235,3100,3445
"1747","37135010703",1204,2941,2390
"1748","37135010705",5641,2025,2550
"1749","37135011300",350,1161,917
"1750","37135011400",2438,1539,1296
"1751","37135011901",806,2265,2430
"1752","37135012100",4398,3218,3437
"1753","37135012201",8789,1053,1597
"1754","37183050100",102989,1032,1036
"1755","37183050300",2816,1771,1316
"1756","37183051000",1687,1058,1029
"1757","37183051200",4430,1864,1727
"1758","37183051400",1373,2144,2396
"1759","37183051600",1868,1900,2020
"1760","37183051700",2259,1235,1400
"1761","37183052401",19944,1205,1269
"1762","37183052407",2902,1786,2168
"1763","37183052504",11410,2564,2782
"1764","37183052506",3035,964,919
"1765","37183052507",2804,1227,1966
"1766","37183052601",2393,1354,1610
"1767","37183052603",3156,1233,1319
"1768","37183052701",14166,2301,2747
"1769","37183052705",7329,1598,1851
"1770","37183052807",1707,1646,2071
"1771","37183052809",1266,920,1142
"1772","37183053003",8751,2583,1860
"1773","37183053008",3841,3372,3754
"1774","37183053105",1607,1275,1466
"1775","37183053204",1078,1606,1863
"1776","37183053205",669,611,917
"1777","37183053405",6269,1756,2236
"1778","37183053416",1644,1994,3708
"1779","37183053417",967,928,1453
"1780","37183053419",3851,916,1501
"1781","37183053420",3235,2098,1983
"1782","37183053506",4667,2377,2852
"1783","37183053512",6861,2903,3448
"1784","37183053517",1681,1600,2143
"1785","37183053520",1318,2184,2720
"1786","37183053522",3727,1950,2393
"1787","37183053523",2831,2163,2319
"1788","37183053604",1495,1285,4048
"1789","37183053607",1310,2880,1755
"1790","37183053609",16850,365,693
"1791","37183053610",5265,4270,65
"1792","37183053714",817,2055,2742
"1793","37183053716",1061,2047,2413
"1794","37183053717",1835,1344,736
"1795","37183053723",4239,1409,1388
"1796","37183053725",1197,2381,2530
"1797","37183054001",3008,2640,2805
"1798","37183054006",2708,1252,1712
"1799","37183054007",3754,1720,2211
"1800","37183054011",854,1058,1690
"1801","37183054018",11598,1245,889
"1802","37183054105",914,4717,5464
"1803","37183054208",2722,2339,959
"1804","37183980100",1503,1,20
"1805","41005020100",1470,1629,1624
"1806","41005020302",6697,1566,1723
"1807","41005020303",1599,2640,2306
"1808","41005020501",1129,2651,2693
"1809","41005020800",4405,1938,2020
"1810","41005021500",9094,2029,2144
"1811","41005022103",722,2079,2661
"1812","41005022105",2450,2174,2649
"1813","41005022107",10706,1670,1584
"1814","41005022108",11060,1262,1149
"1815","41005022205",1030,1210,1621
"1816","41005022400",2532,1734,1903
"1817","41005024400",7122,2667,2645
"1818","41051000100",2065,2766,2761
"1819","41051000301",3298,2172,2138
"1820","41051001000",6418,2542,2922
"1821","41051001102",2985,641,842
"1822","41051002100",7387,1362,1366
"1823","41051002303",16131,1081,903
"1824","41051002402",6414,2023,1679
"1825","41051002600",857,1073,1354
"1826","41051002902",1222,2416,2900
"1827","41051003302",277,1196,1473
"1828","41051003402",997,1358,1434
"1829","41051003601",715,1764,2127
"1830","41051004300",9332,434,605
"1831","41051004500",6894,1038,1041
"1832","41051005000",6474,1551,1315
"1833","41051005100",10433,4927,2865
"1834","41051005200",5652,3200,2341
"1835","41051005600",8976,2395,1521
"1836","41051005700",12602,2156,1505
"1837","41051005900",6111,3354,2932
"1838","41051006502",2005,2034,2156
"1839","41051007300",29084,223,363
"1840","41051008500",821,1364,1710
"1841","41051008902",368,1495,1711
"1842","41051010304",1254,1438,1417
"1843","41051010600",46754,1881,1145
"1844","41067030200",2380,2600,2645
"1845","41067030401",8513,2088,1882
"1846","41067030700",13685,661,738
"1847","41067030806",4656,929,1118
"1848","41067030900",11926,2013,1977
"1849","41067031005",2838,2110,2195
"1850","41067031006",4017,2750,2812
"1851","41067031300",6680,2990,2793
"1852","41067031402",10311,1269,1253
"1853","41067031609",3328,3634,3593
"1854","41067031611",7612,2898,3309
"1855","41067032001",5132,2194,2527
"1856","41067032003",7431,1682,1294
"1857","41067032005",9041,1653,1746
"1858","41067032103",3563,3636,4301
"1859","41067032110",4797,834,1040
"1860","41067032200",1108,2651,3213
"1861","41067032604",4109,2147,2574
"1862","41067032607",10648,1910,1040
"1863","41067032608",6683,946,1388
"1864","41067032700",2028,1789,1724
"1865","41071030202",2325,2267,2359
"1866","41071030601",4031,1332,1985
"1867","42003010300",6811,282,503
"1868","42003020100",82535,1906,1186
"1869","42003020300",8329,403,409
"1870","42003060300",1818,1180,1014
"1871","42003070500",1269,1831,1370
"1872","42003080400",1846,755,622
"1873","42003090100",1472,922,907
"1874","42003090300",606,846,825
"1875","42003120800",2163,296,331
"1876","42003160900",5751,1712,1215
"1877","42003170200",5177,2063,1679
"1878","42003210700",1146,1036,885
"1879","42003408002",2530,2304,3126
"1880","42003409000",5760,3933,4307
"1881","42003411000",9461,2415,3147
"1882","42003412001",1831,3030,3907
"1883","42003413300",2816,1857,2448
"1884","42003414200",1869,2276,2920
"1885","42003421100",11531,1733,1980
"1886","42003429500",1965,2351,2046
"1887","42003430100",384,919,1259
"1888","42003450800",1465,1278,1206
"1889","42003451105",6898,2169,1791
"1890","42003452000",4625,2092,2453
"1891","42003456003",2048,2361,2653
"1892","42003459201",18394,2801,3002
"1893","42003460002",2997,1370,1823
"1894","42003464400",1700,1523,1342
"1895","42003469000",13730,1958,2257
"1896","42003473200",1105,1605,1533
"1897","42003473401",550,1583,1729
"1898","42003475101",3570,2318,2167
"1899","42003475402",430,1188,1634
"1900","42003480101",1806,2218,2116
"1901","42003486800",343,752,647
"1902","42003504100",1730,2435,2252
"1903","42003521301",7192,2053,1680
"1904","42003525200",1293,1096,927
"1905","42003551900",2133,831,497
"1906","42003560400",869,843,692
"1907","42003563000",1512,1306,1344
"1908","42003563100",805,1612,1766
"1909","42003563200",4106,1458,1012
"1910","42003563800",1361,1825,1870
"1911","42003980600",7122,4,65
"1912","42003980700",5005,10,70
"1913","42007604000",395,1178,1096
"1914","42019903100",634,1163,1257
"1915","42019911100",783,1925,2233
"1916","42019911900",2731,2298,2299
"1917","42019912002",7361,1703,1687
"1918","42051261000",315,985,1041
"1919","42051261600",1385,1203,1202
"1920","42051262500",435,1373,1366
"1921","42125731000",955,2376,2660
"1922","42125745100",4829,3535,3889
"1923","42125746200",2400,1529,1902
"1924","42125795800",6591,1384,1764
"1925","42129800700",1928,1108,775
"1926","42129802002",2114,3182,3552
"1927","42129804900",8177,2394,2446
"1928","42129806000",635,1224,1334
"1929","42129806600",1579,1338,1268
"1930","47015960100",538,1518,1586
"1931","47037013300",986,1630,1758
"1932","47037013400",1526,2014,2214
"1933","47037013700",12904,2286,2135
"1934","47037014400",5468,529,527
"1935","47037015100",13121,1787,1961
"1936","47037015300",11455,2640,2858
"1937","47037015629",2471,2201,3006
"1938","47037015700",3199,579,727
"1939","47037015802",5053,2436,1968
"1940","47037015900",8467,1149,836
"1941","47037016000",613,374,358
"1942","47037016100",3881,895,1065
"1943","47037016400",4804,1153,777
"1944","47037016500",30916,192,676
"1945","47037016600",6409,1671,1212
"1946","47037017000",467,1386,1341
"1947","47037017200",30446,634,804
"1948","47037017901",6835,2131,1816
"1949","47037018000",7324,2433,2241
"1950","47037018102",2853,1807,1587
"1951","47037018301",2578,2903,3655
"1952","47037018803",2962,1681,1826
"1953","47037019115",292,1400,1270
"1954","47037019300",3206,1289,948
"1955","47037019400",4027,1868,1697
"1956","47037019500",78586,2758,2252
"1957","47037019600",15365,1711,1843
"1958","47037980100",6224,0,0
"1959","47037980200",7246,0,47
"1960","47043060602",4465,2554,2435
"1961","47081950100",375,2034,1461
"1962","47149040105",1539,1499,2119
"1963","47149040901",7240,985,2345
"1964","47149042000",1028,1941,2196
"1965","47149042200",3150,1729,2991
"1966","47165021008",374,1205,1048
"1967","47165021203",256,1900,2162
"1968","47165021205",3153,1078,1212
"1969","47187050103",212,1506,2701
"1970","47187050203",7192,1720,3114
"1971","47187050205",1091,1133,1905
"1972","47187050208",10368,2557,1773
"1973","47187050303",361,975,1060
"1974","47187050304",19081,820,751
"1975","47187050307",16242,1719,1441
"1976","47187050602",4457,3091,2084
"1977","47187050800",11066,2432,2378
"1978","47187050905",4028,2292,2809
"1979","47187050906",973,1975,1989
"1980","47189030309",1722,1815,2435
"1981","49035100100",5134,571,751
"1982","49035100600",2556,2085,2294
"1983","49035101600",742,1788,1538
"1984","49035102500",13786,1650,889
"1985","49035102600",1520,1267,1463
"1986","49035102801",1351,1710,2136
"1987","49035102900",9378,2014,1676
"1988","49035110104",1204,1933,2430
"1989","49035111002",9205,2141,2881
"1990","49035111101",3249,2566,2847
"1991","49035111202",2562,1842,2432
"1992","49035111304",387,1236,1891
"1993","49035111500",13240,685,754
"1994","49035111600",15773,2336,2282
"1995","49035111702",1351,1679,1648
"1996","49035111802",2551,1074,1042
"1997","49035111903",6038,1691,1815
"1998","49035111905",1499,1612,1688
"1999","49035112001",1775,1502,1523
"2000","49035112100",11384,2666,3483
"2001","49035112202",4155,1519,1879
"2002","49035112301",3506,1487,1831
"2003","49035112302",6961,1369,1824
"2004","49035112403",5740,1565,1528
"2005","49035112502",6347,2857,3188
"2006","49035112605",10157,2602,3268
"2007","49035112610",853,1747,1989
"2008","49035112611",1447,2253,3257
"2009","49035112618",592,1113,1596
"2010","49035112700",3484,1661,2090
"2011","49035112810",2410,1830,2904
"2012","49035112817",15854,2101,1558
"2013","49035112819",4993,2070,2510
"2014","49035112820",274,2356,2862
"2015","49035112823",2187,1468,1635
"2016","49035113012",3622,1344,2288
"2017","49035113020",812,3256,2250
"2018","49035113101",1590,1885,3308
"2019","49035113305",16118,2513,2651
"2020","49035113307",8264,1904,2456
"2021","49035113521",847,1844,3196
"2022","49035113526",943,1353,2585
"2023","49035114000",29901,948,828
"2024","49035114100",3984,960,1389
"2025","49035114500",51219,1638,2703
"2026","49035115209",3496,1509,1369
"2027","49035980000",18935,0,136
"2028","49043964305",2712,632,824
"2029","49043964307",1787,1674,2478
"2030","49043964402",5748,1242,1624
"2031","49049000103",2304,1140,1903
"2032","49049000203",2068,1322,1677
"2033","49049000204",4035,1632,1832
"2034","49049000400",5249,1118,1433
"2035","49049000506",714,1029,1295
"2036","49049000508",366,1373,2317
"2037","49049000509",2783,2387,691
"2038","49049000601",5836,766,1222
"2039","49049000706",1791,1777,2405
"2040","49049000709",3391,773,1102
"2041","49049000802",2242,1644,1996
"2042","49049000903",1401,936,1682
"2043","49049001002",668,792,1008
"2044","49049001201",2127,1324,1654
"2045","49049001300",4697,1150,1496
"2046","49049001401",7448,989,1097
"2047","49049001402",2994,1943,1888
"2048","49049001501",443,1138,1353
"2049","49049001503",5151,1166,1336
"2050","49049001504",539,1363,1377
"2051","49049001601",954,1024,664
"2052","49049001900",1895,1419,1178
"2053","49049002201",9789,1222,1649
"2054","49049002400",5418,369,414
"2055","49049002801",6644,1203,1046
"2056","49049002802",2847,481,488
"2057","49049002901",4063,1431,343
"2058","49049002902",1663,1097,2877
"2059","49049003103",246,738,1432
"2060","49049003204",456,900,1235
"2061","49049003401",1051,1103,1768
"2062","49049010105",250,1909,859
"2063","49049010108",2471,1705,2859
"2064","49049010112",1860,1266,2537
"2065","49049010208",591,873,1147
"2066","49049010216",1799,665,866
"2067","49049010503",2789,701,1208
"2068","50007000800",1237,1083,1284
"2069","50007001000",11857,1321,1103
"2070","50007002400",975,1324,1645
"2071","50007002500",2101,1873,1850
"2072","50007003100",9960,3514,4541
"2073","50007003301",833,1262,1304
"2074","50007003304",5581,2599,2697
"2075","50007004002",4957,2102,2412
"2076","51013100400",184,1271,1501
"2077","51013101300",887,2246,3166
"2078","51013101401",8583,727,1072
"2079","51013101402",1464,1400,2185
"2080","51013101403",13667,3658,3436
"2081","51013101404",2369,2604,799
"2082","51013101500",4318,3570,4216
"2083","51013101601",550,688,832
"2084","51013101602",2611,1017,1047
"2085","51013101603",10586,2046,1859
"2086","51013101701",4000,2059,1882
"2087","51013101702",10132,3150,2260
"2088","51013101802",7571,3422,3627
"2089","51013101803",292,2007,2933
"2090","51013102003",1576,2230,1805
"2091","51013102302",897,1433,1849
"2092","51013102500",1059,1974,2380
"2093","51013102901",661,1658,1645
"2094","51013102902",4200,2554,2469
"2095","51013103402",18841,3279,2325
"2096","51013103502",6419,2074,1383
"2097","51013103601",5458,1002,1440
"2098","51059415200",1573,1837,1734
"2099","51059420100",906,1142,1995
"2100","51059420201",489,1262,1894
"2101","51059420400",966,1781,1653
"2102","51059421001",2904,957,1366
"2103","51059421002",5919,1941,2096
"2104","51059421102",252,1411,1330
"2105","51059421500",2150,2287,2707
"2106","51059422000",6414,1276,1278
"2107","51059422101",1049,2433,2824
"2108","51059422102",1972,1987,2826
"2109","51059422302",3148,2570,2499
"2110","51059422402",1136,2041,2157
"2111","51059430201",67,1382,2146
"2112","51059430400",3602,2257,3158
"2113","51059430600",2937,1754,2853
"2114","51059430802",397,1953,1780
"2115","51059431500",296,1985,2322
"2116","51059432000",1133,1137,1759
"2117","51059432800",8343,747,1167
"2118","51059440201",10241,1000,667
"2119","51059440202",10785,2200,3114
"2120","51059440702",82,1781,2249
"2121","51059450300",1301,1653,2415
"2122","51059450400",1268,933,1385
"2123","51059450601",5532,1376,1876
"2124","51059450602",716,1927,2029
"2125","51059451900",1199,2293,2775
"2126","51059452501",45939,1349,1670
"2127","51059452600",3319,2562,2914
"2128","51059452801",6135,2464,2349
"2129","51059460400",9026,1940,2235
"2130","51059460501",12055,850,1345
"2131","51059460502",2597,2390,2841
"2132","51059460600",678,1285,1919
"2133","51059460702",1606,1545,2100
"2134","51059460800",5180,1132,1483
"2135","51059460900",1702,862,1246
"2136","51059461202",6591,2001,1310
"2137","51059461601",2765,2448,3306
"2138","51059461602",8077,1872,1687
"2139","51059461802",4783,2361,2468
"2140","51059470500",4533,2109,2100
"2141","51059470700",1827,1882,2179
"2142","51059471100",1911,2362,3277
"2143","51059471201",4758,1613,1537
"2144","51059471301",1865,1544,1828
"2145","51059480100",751,1428,1711
"2146","51059480201",447,1507,1821
"2147","51059480202",60839,1796,1274
"2148","51059480203",7185,1093,1044
"2149","51059480300",3523,2281,2760
"2150","51059480401",1046,1403,1766
"2151","51059480802",4868,1325,2011
"2152","51059480901",1552,1864,3290
"2153","51059480902",6667,1295,1690
"2154","51059480903",3129,1462,1775
"2155","51059481101",6570,1082,0
"2156","51059481105",271,1696,3500
"2157","51059481106",682,1705,3268
"2158","51059481202",9114,1987,3152
"2159","51059481900",6854,2191,2734
"2160","51059482001",244,1707,2530
"2161","51059482201",192,903,1862
"2162","51059482202",10191,1945,1765
"2163","51059482203",19544,2246,1071
"2164","51059482301",6143,2210,2359
"2165","51059482400",7294,773,1224
"2166","51059482501",19666,2876,2135
"2167","51059482602",3633,2284,2778
"2168","51059490101",6068,1851,2616
"2169","51059490103",32072,1830,2922
"2170","51059490502",933,2050,3013
"2171","51059491202",2215,840,890
"2172","51059491301",828,2059,3167
"2173","51059491401",1049,1847,2165
"2174","51059491601",2685,1610,1742
"2175","51059491701",8487,1740,2006
"2176","51059491702",8511,3284,4040
"2177","51059491704",1891,2160,1913
"2178","51059492201",264,940,1053
"2179","51061930302",8268,2851,3709
"2180","51061930401",1411,1527,2428
"2181","51107610102",390,1284,1970
"2182","51107610201",801,1403,2267
"2183","51107610503",1599,2098,2746
"2184","51107610505",3823,2003,2609
"2185","51107610506",3558,1376,2293
"2186","51107610603",2146,1236,2938
"2187","51107610604",4349,2045,2596
"2188","51107610702",3107,1830,2660
"2189","51107610900",1376,1044,1090
"2190","51107611002",4436,1695,2544
"2191","51107611006",5252,1594,3144
"2192","51107611009",1485,1562,1061
"2193","51107611010",421,1040,284
"2194","51107611015",2301,791,160
"2195","51107611019",1843,1677,6563
"2196","51107611020",12958,1784,2167
"2197","51107611021",1691,1651,132
"2198","51107611024",298,1394,5164
"2199","51107611025",871,1743,457
"2200","51107611102",1650,2035,3867
"2201","51107611202",624,1741,2555
"2202","51107611207",2275,1387,2159
"2203","51107611209",567,2247,3634
"2204","51107611501",9316,1270,1081
"2205","51107611502",4731,1840,3600
"2206","51107611601",7793,1448,2025
"2207","51107611700",6089,2042,3735
"2208","51107611804",1687,1511,3889
"2209","51107611805",276,1476,4246
"2210","51107611806",1427,1852,1377
"2211","51107611900",3777,1811,109
"2212","51107980100",11971,1,93
"2213","51153900300",2295,3198,3774
"2214","51153900403",11223,1746,2370
"2215","51153900701",1005,1774,2570
"2216","51153900901",1126,1823,2246
"2217","51153901001",17031,2158,2673
"2218","51153901212",441,2138,2852
"2219","51153901228",206,1834,2783
"2220","51153901236",5238,1376,1530
"2221","51153901403",3621,2564,3361
"2222","51153901408",1823,2594,3465
"2223","51153901409",7303,1812,1833
"2224","51153901410",4632,1966,2029
"2225","51153901411",930,1728,3223
"2226","51153901507",1256,901,1951
"2227","51153901509",741,1722,4556
"2228","51153901602",4209,2514,4075
"2229","51177020104",441,1462,1778
"2230","51177020106",1978,1979,2304
"2231","51177020201",1657,1988,1752
"2232","51179010103",596,1298,1322
"2233","51179010204",1294,2172,2221
"2234","51179010205",400,1973,2697
"2235","51179010206",1436,1599,2113
"2236","51179010210",231,2136,1769
"2237","51179010212",1211,1432,1486
"2238","51179010303",6196,2788,2721
"2239","51179010406",1284,1088,1311
"2240","51510200104",4024,1566,1731
"2241","51510200403",4483,781,242
"2242","51510200405",3137,3521,4484
"2243","51510200600",2709,1849,2463
"2244","51510200701",3030,411,673
"2245","51510200702",6000,2250,693
"2246","51510200900",1536,1798,2265
"2247","51510201400",659,1806,2213
"2248","51510201600",1565,2318,2651
"2249","51510201801",10534,3406,3115
"2250","51510201802",2555,989,1012
"2251","51510201900",28525,928,1074
"2252","51510202001",720,1082,1016
"2253","51600300100",4572,1870,2633
"2254","51600300200",7275,1689,2357
"2255","51600300300",3854,2171,2816
"2256","51600300500",3063,1342,1656
"2257","51610500100",4264,1141,1481
"2258","51610500200",3444,2202,2769
"2259","51630000100",2959,1513,1578
"2260","51630000200",7371,2543,2144
"2261","51630000500",5488,2140,2108
"2262","51683910100",5102,1421,2344
"2263","51683910201",2765,1660,2539
"2264","51683910402",6045,1660,2510
"2265","51685920200",3296,2822,3659
"2266","53011040302",1599,2092,1848
"2267","53011040609",201,1395,1367
"2268","53011040711",1474,1005,1673
"2269","53011040808",1977,593,756
"2270","53011041105",1578,1933,2343
"2271","53011041108",6822,3269,2469
"2272","53011041312",1122,1655,1536
"2273","53011041317",1889,1695,1800
"2274","53011041329",3861,1483,1750
"2275","53011041500",1709,1051,1309
"2276","53011042300",3647,1390,1179
"2277","53011042400",3003,796,539
"2278","53011042500",4052,637,736
"2279","53011042600",8187,2468,1958
"2280","53011042700",594,1904,1656
"2281","53033000100",1500,3146,2637
"2282","53033000401",1014,3134,2295
"2283","53033004200",1078,3137,3417
"2284","53033004301",2748,1448,1264
"2285","53033004700",10101,4020,4043
"2286","53033004800",1559,2163,2622
"2287","53033004900",4660,3509,3764
"2288","53033005400",4043,2620,2822
"2289","53033005801",3477,2520,2575
"2290","53033005802",2394,2505,2516
"2291","53033006100",2396,2789,2656
"2292","53033006600",7772,2047,1964
"2293","53033006700",12865,3993,3747
"2294","53033006800",1527,1341,1479
"2295","53033007100",10785,2004,1784
"2296","53033007200",14234,3740,2575
"2297","53033007300",18842,3066,2207
"2298","53033007500",3369,4114,4117
"2299","53033007800",1415,2102,2140
"2300","53033008001",12879,3929,3126
"2301","53033008002",7579,2003,1471
"2302","53033008100",62511,2521,1791
"2303","53033008200",70107,2279,1575
"2304","53033008400",7301,2707,2309
"2305","53033008700",869,1678,1904
"2306","53033009200",4409,1703,1181
"2307","53033009300",33333,994,1305
"2308","53033010500",3124,3310,3123
"2309","53033010900",23320,619,673
"2310","53033011200",5088,1317,1438
"2311","53033021802",7720,2103,2504
"2312","53033021904",2043,1757,2487
"2313","53033021906",2201,1569,2059
"2314","53033022500",5646,3717,3599
"2315","53033022603",1371,2218,2657
"2316","53033022605",5422,2369,2999
"2317","53033022701",3869,1480,1246
"2318","53033022801",2254,3704,3985
"2319","53033022803",57089,2083,2839
"2320","53033022901",330,1009,1355
"2321","53033023000",1753,1854,2352
"2322","53033023401",12597,1456,1560
"2323","53033023601",10629,1662,1821
"2324","53033023604",626,2420,2539
"2325","53033023700",22570,1668,2008
"2326","53033023801",5611,1196,1347
"2327","53033023803",7717,2244,1679
"2328","53033023804",26079,2397,1597
"2329","53033024000",3693,3343,3008
"2330","53033024300",3600,3294,2830
"2331","53033024800",9181,2246,2660
"2332","53033025302",5225,2516,2050
"2333","53033025500",451,1853,2019
"2334","53033026200",39537,2263,2445
"2335","53033027100",572,1248,1316
"2336","53033027200",10520,866,1092
"2337","53033027900",8693,2988,2943
"2338","53033028300",6393,1683,2055
"2339","53033028902",649,2366,2492
"2340","53033029206",30203,1832,1844
"2341","53033030501",12853,848,719
"2342","53033030503",1863,1906,1783
"2343","53033030901",1483,1124,1686
"2344","53033032003",1495,1784,2179
"2345","53033032103",9212,1982,2427
"2346","53033032208",8623,3725,2934
"2347","53033032210",1994,3864,3382
"2348","53033032309",17525,2589,2733
"2349","53033032313",8654,2392,2677
"2350","53033032319",7392,2253,2209
"2351","53053061601",14100,1202,627
"2352","53053063400",1663,2701,2958
"2353","53053071706",614,751,813
"2354","53053072507",1833,1362,1159
"2355","53053073301",9659,2287,2447
"2356","53053073406",2074,1830,2064
"2357","53053940003",2619,2635,1904
"2358","53053940010",3515,1908,1914
"2359","53061040500",568,929,1111
"2360","53061041901",4519,1448,1418
"2361","53061041903",29178,2884,2714
"2362","53061042005",1947,1772,2494
"2363","53061051400",8235,3156,3138
"2364","53061051702",3053,1791,2085
"2365","53061051925",8017,2431,2690
"2366","53061051926",1773,1530,2002
"2367","53061052004",742,2371,2866
"2368","53061052007",1193,1534,2322
"2369","53061052401",1632,1556,2028
"2370","53061053102",577,1758,2215
"2371","53061053400",898,1992,2622
"2372","53073000501",2611,2218,2344
"2373","54003971300",4136,3384,3615
"2374","55021970100",1475,1524,1908
"2375","55021971200",2486,2214,2845
"2376","55025000204",5971,2423,2749
"2377","55025000408",5689,1228,784
"2378","55025001401",11469,2345,2097
"2379","55025001402",3354,2327,2637
"2380","55025001403",4880,3224,3537
"2381","55025001502",4581,2279,2439
"2382","55025001606",1109,1170,1348
"2383","55025002500",19882,882,803
"2384","55025010100",973,610,923
"2385","55025010501",2012,1000,666
"2386","55025010701",544,2409,3417
"2387","55025010901",5684,2634,2084
"2388","55025010904",4011,2918,5065
"2389","55025011200",931,3302,3973
"2390","55025011302",4046,1338,1737
"2391","55025011401",1079,2976,2292
"2392","55025012700",1202,1500,2089
"2393","55025013200",3902,3246,4430
"2394","55025013301",1751,1689,2123
"2395","55027961500",649,1954,2205
"2396","55079000102",4820,1639,1441
"2397","55079000202",7431,2334,2742
"2398","55079000700",1315,1456,1566
"2399","55079004400",1080,1570,1251
"2400","55079010800",952,1441,1326
"2401","55079011000",388,2282,1820
"2402","55079012800",2391,1181,1386
"2403","55079014100",1040,645,512
"2404","55079014400",19097,1389,1415
"2405","55079016000",95,981,932
"2406","55079021500",4950,1032,1421
"2407","55079060200",4490,2601,2752
"2408","55079070100",909,1590,2143
"2409","55079090300",5997,1506,1505
"2410","55079100200",4026,1696,1711
"2411","55079100800",2142,1314,1683
"2412","55079100900",1952,1927,1990
"2413","55079120202",6320,1641,1731
"2414","55079160100",6221,2881,3309
"2415","55079160204",787,2570,2282
"2416","55079185300",32116,1540,1945
"2417","55079186300",24124,746,765
"2418","55079186600",374,674,663
"2419","55079186800",14713,647,898
"2420","55079187200",3290,1446,2185
"2421","55079187400",12171,1393,883
"2422","55089630201",2853,1959,2550
"2423","55089650102",3161,1160,1596
"2424","55089660100",766,1532,1730
"2425","55089660202",2388,1903,2048
"2426","55089660304",1120,1104,1430
"2427","55093960700",1745,1916,2089
"2428","55109120800",3828,3199,4145
"2429","55109120901",937,1739,2319
"2430","55109120903",2286,3425,3407
"2431","55131420103",2590,2386,3048
"2432","55131420300",9796,2296,2881
"2433","55131420401",821,884,972
"2434","55131450103",2186,2074,2656
"2435","55131470203",6741,2081,2482
"2436","55133200101",1360,1832,2393
"2437","55133200102",1206,2300,2819
"2438","55133200400",2710,2342,3374
"2439","55133200801",1572,1753,2812
"2440","55133200803",818,1755,2096
"2441","55133201000",3749,2369,2864
"2442","55133201101",5027,1821,2385
"2443","55133201102",1909,1120,1591
"2444","55133201203",2363,1394,1527
"2445","55133201300",935,2044,2765
"2446","55133201404",4057,1625,2245
"2447","55133201504",114,2290,3259
"2448","55133202600",3248,1126,1297
"2449","55133203000",5728,987,1243
"2450","55133203103",514,1939,2540
"2451","55133203306",6937,2787,3077
"2452","55133203402",500,1584,2233
"2453","55133203601",4041,1855,2319
"2454","55133203704",2609,1744,2108
