CBSA,MSA Names,Age01Firm,Age01Firm.10,Age01Firm.11,LogNETS,TotPerY,PopGrow,Dense1mi,College+,Res-I,NIH/cap,HT LQ,HTLabPool,Pat/100K,Centrality,VC/cap,PctForBorn,EconDiver,PopFlux,TurnOver,HouseBurden,No.w/n50km,NE,MA,SA,EMW,ESC,WSC,MT,PAC,Age05Firm.10-11,INC 10-12sum,Res Exp/cap,SBIR/cap,High.compl,%Commute,AveHHY11,Pop.11,%ForBornw/Coll,Pop.00,,,,,,,,,,
10180,"Abilene, TX",0.1121,0.118082368,0.106154347,2.6209,5174,0.0265,2722.2,20.74,0.00,0.00,0.50,1.62,2.20,0,0.00,0.0659,1,0.109035417,0.099138017,0.27,0,0,0,0,0,0,1,0,0,0.2746,1.0000,0,0.00,92.4,0.01,88912,166416,0.1452,160288,,,,,,,,,,
10420,"Akron, OH",0.0969,0.097450898,0.096300646,6.5096,25090,0.0006,5427.0,32.70,0.00,17.73,0.60,3.0725,45.95,5,7.29,0.0469,2,0.056308859,0.083713996,0.33,3,0,0,0,1,0,0,0,0,0.2545,2.1405,0,3.65,97.4,0.01,98012,701456,0.4247,695946,,,,,,,,,,
10500,"Albany, GA",0.0984,0.103422053,0.093425606,3.3137,4414,0.0011,2012.6,17.01,0.00,8.29,0.60,1.72,1.69,0,0.00,0.0284,1,0.077588725,0.099813872,0.36,0,0,0,1,0,0,0,0,0,0.2569,1.0000,0,0.00,85.8,0.01,81758,157688,0.2695,157610,,,,,,,,,,
10580,"Albany-Schenectady-Troy, NY",0.1213,0.121244,0.121421976,6.6844,33776,0.0123,8224.5,39.15,2.00,240.53,1.00,6.055,76.61,4,27.04,0.0792,3,0.056214003,0.078413251,0.32,1,0,1,0,0,0,0,0,0,0.2996,3.4097,40088,16.38,95.5,0.03,104425,871478,0.4241,827399,,,,,,,,,,
10740,"Albuquerque, NM",0.1194,0.119846666,0.119038925,9.7562,28793,0.0706,3834.3,26.53,1.00,121.97,1.70,5.47,26.19,0,68.17,0.1216,2,0.070321892,0.114313226,0.35,0,0,0,0,0,0,0,1,0,0.3123,2.4466,22775,21.94,89.9,0.02,89029,898642,0.1957,732220,,,,,,,,,,
10780,"Alexandria, LA",0.1029,0.104292302,0.101470061,3.3723,5004,0.0197,2643.0,18.65,0.00,0.74,0.30,1.63,3.45,0,0.19,0.0279,1,0.057608306,0.115603615,0.28,0,0,0,0,0,0,1,0,0,0.2858,1.0000,0,1.53,92.5,0.01,93783,154505,0.1901,145179,,,,,,,,,,
10900,"Allentown-Bethlehem-Easton, PA-NJ",0.1018,0.099609231,0.103954886,4.3263,29395,0.0297,8613.2,32.27,0.00,3.28,0.70,2.31,37.05,3,127.23,0.0989,2,0.055539596,0.083790114,0.36,1,0,1,0,0,0,0,0,0,0.2775,1.9698,0,1.39,96.1,0.03,102777,824916,0.3012,741817,,,,,,,,,,
11020,"Altoona, PA",0.0763,0.072671048,0.07992278,2.5579,3848,0.0002,4352.0,24.86,0.00,0.00,0.60,1.37,3.93,1,0.00,0.0124,2,0.049349353,0.078722399,0.27,1,0,1,0,0,0,0,0,0,0.2051,1.0000,0,0.00,91.5,0.00,81716,127099,0.3345,128981,,,,,,,,,,
11100,"Amarillo, TX",0.1161,0.110564585,0.121698711,4.0439,8335,0.042,3232.7,21.75,0.00,0.00,0.50,2.15,6.57,0,0.00,0.1082,2,0.068604646,0.093523221,0.29,0,0,0,0,0,0,1,0,0,0.2865,1.0000,0,0.00,94.6,0.01,96020,253823,0.1091,227029,,,,,,,,,,
11180,"Ames, IA",0.0953,0.094397077,0.096259963,13.9262,3026,0.057,4724.1,51.63,1.00,238.57,0.50,6.39,73.61,0,313.62,0.0905,2,0.194980579,0.08363387,0.33,0,0,0,0,0,0,0,0,0,0.2597,3.2306,254744,41.85,100.0,0.06,91385,89663,0.7265,80152,,,,,,,,,,
11260,"Anchorage, AK",0.1315,0.134031695,0.128950187,9.2429,16713,0.068,4463.6,27.99,0.00,26.80,1.00,4.86,5.42,0,0.00,0.1048,3,0.175671042,0.104114985,0.34,0,0,0,0,0,0,0,0,1,0.3290,2.0322,0,1.96,91.9,0.02,131068,387516,0.2575,320618,,,,,,,,,,
11300,"Anderson, IN",0.0827,0.075873362,0.089453341,2.5603,3432,0.0031,2403.0,18.42,0.00,0.00,0.60,1.22,12.19,0,0.00,0.0225,2,0.065403925,0.090695524,0.29,2,0,0,0,1,0,0,0,0,0.2303,1.0000,0,0.46,85.6,0.00,72273,131235,0.1056,133213,,,,,,,,,,
11340,"Anderson, SC",0.1055,0.1041883,0.106717985,2.5647,5135,0.0487,1666.3,21.02,0.00,1.56,0.30,1,10.08,0,0.00,0.0330,2,0.057983175,0.090695524,0.28,3,0,0,1,0,0,0,0,0,0.2742,1.0000,0,6.23,94.7,0.00,77337,188488,0.2483,166304,,,,,,,,,,
11460,"Ann Arbor, MI",0.1125,0.113899299,0.111147327,12.8306,12540,0.0036,4780.0,55.63,1.00,1568.64,1.30,9.13,144.27,1,356.20,0.1381,2,0.138844215,0.081475804,0.38,8,0,0,0,1,0,0,0,0,0.2841,6.1730,265262,103.34,94.5,0.05,98407,347962,0.6663,324372,,,,,,,,,,
11500,"Anniston-Oxford, AL",0.0851,0.088188976,0.082081545,2.3052,3275,0.0263,1314.3,18.84,0.00,0.00,0.90,1.54,2.83,0,0.00,0.0305,2,0.079312425,0.090421456,0.29,1,0,0,0,0,1,0,0,0,0.2064,1.0000,0,0.00,88.0,0.00,77372,117797,0.2362,111081,,,,,,,,,,
11540,"Appleton, WI",0.0907,0.087924196,0.09340057,4.2779,7926,0.0345,4005.6,29.90,0.00,0.64,0.70,1.75,45.00,2,13.10,0.0426,2,0.052858838,0.078648847,0.27,3,0,0,0,1,0,0,0,0,0.2488,1.8795,0,0.00,96.7,0.01,99889,227403,0.3192,202618,,,,,,,,,,
11700,"Asheville, NC",0.1280,0.127904275,0.128180961,10.3965,13200,0.052,2134.4,30.35,0.00,1.24,0.50,1.63,10.02,1,10.27,0.0618,2,0.076481427,0.096606247,0.31,0,0,0,1,0,0,0,0,0,0.3405,1.6993,0,3.71,91.4,0.00,80687,429017,0.2084,370615,,,,,,,,,,
12020,"Athens-Clarke County, GA",0.1181,0.116285797,0.119953529,4.7202,5417,0.0527,3577.9,37.65,1.00,234.53,0.50,3.02,20.35,0,0.52,0.0988,2,0.103974693,0.088034399,0.35,0,0,0,1,0,0,0,0,0,0.3087,3.5864,191652,3.48,93.4,0.02,80169,193317,0.3638,166763,,,,,,,,,,
12060,"Atlanta-Sandy Springs-Marietta, GA",0.1622,0.161126021,0.163310936,12.9919,188298,0.0756,8768.9,36.75,3.00,103.86,1.10,5.42,28.36,34,194.59,0.1708,4,0.063702338,0.092035644,0.38,0,0,0,1,0,0,0,0,0,0.3979,7.5868,20480,4.93,93.5,0.03,106833,5359205,0.3304,4277944,,,,,,,,,,
12100,"Atlantic City-Hammonton, NJ",0.1059,0.104001625,0.107758621,5.0265,9787,0.0107,19609.0,23.55,0.00,0.71,0.40,1.43,5.35,0,135.62,0.2044,1,0.055255337,0.089985992,0.49,6,0,1,0,0,0,0,0,0,0.2875,3.1871,0,0.79,95.3,0.07,106096,274338,0.2366,253674,,,,,,,,,,
12220,"Auburn-Opelika, AL",0.1269,0.132914704,0.120954907,3.9405,3712,0.0893,1439.4,33.29,0.00,19.00,0.60,2.29,16.96,0,1.07,0.0617,2,0.160135557,0.099041809,0.36,1,0,0,0,0,1,0,0,0,0.3334,1.0000,0,6.94,83.7,0.01,72009,143468,0.4615,115430, ,,,,,,,,,
12260,"Augusta-Richmond County, GA-SC",0.1086,0.109148017,0.108047196,3.9674,17153,0.0527,1346.3,21.89,0.00,90.38,0.60,3.11,8.72,0,8.95,0.0530,2,0.087843497,0.090787474,0.31,0,0,0,1,0,0,0,0,0,0.2873,1.3560,0,0.30,89.9,0.01,88572,561858,0.3350,500561,,,,,,,,,,
12420,"Austin-Round Rock-San Marcos, TX",0.1773,0.173514724,0.181010998,16.4432,63210,0.1404,11480.4,40.28,1.00,118.46,1.80,9.075,131.69,3,816.38,0.1831,3,0.086152241,0.091700493,0.36,1,0,0,0,0,0,1,0,0,0.4093,11.0924,32001,18.58,94.3,0.03,103909,1783519,0.3075,1264950,,,,,,,,,,
12540,"Bakersfield-Delano, CA",0.1334,0.136168338,0.130649951,3.2048,23458,0.0743,5025.9,11.10,0.00,0.30,0.60,3.295,6.89,0,0.00,0.2903,1,0.066569727,0.101791015,0.42,2,0,0,0,0,0,0,0,1,0.3435,2.7612,0,1.15,90.6,0.01,99354,851710,0.0974,663803,,,,,,,,,,
12580,"Baltimore-Towson, MD",0.1159,0.115300241,0.116411179,10.8874,123430,0.0212,17348.9,40.44,1.00,409.09,1.20,8.34,23.87,9,161.58,0.1124,1,0.057179763,0.08351248,0.37,1,0,0,1,0,0,0,0,0,0.3055,7.1192,62311,11.57,94.0,0.06,130978,2729110,0.4582,2557958,,,,,,,,,,
12620,"Bangor, ME",0.1008,0.101547988,0.100127146,7.3406,4631,0.0158,1158.9,28.34,0.00,12.34,0.70,1.83,7.59,0,0.00,0.0326,2,0.083816841,0.077648639,0.33,0,1,0,0,0,0,0,0,0,0.2717,1.0000,0,7.94,96.3,0.01,80275,153786,0.3592,144937,,,,,,,,,,
12700,"Barnstable Town, MA",0.1035,0.102568523,0.104480194,6.1976,10566,-0.0184,1459.0,34.39,0.00,39.54,0.70,2.59,17.30,0,62.97,0.0753,1,0.064658466,0.090695524,0.42,1,1,0,0,0,0,0,0,0,0.2854,2.3904,0,5.77,91.6,0.01,123292,215769,0.3308,223031,,,,,,,,,,
12940,"Baton Rouge, LA",0.1237,0.124394786,0.123067687,10.6976,27573,0.0423,4115.4,28.60,1.00,80.59,0.70,3.475,6.60,3,40.39,0.0448,1,0.053398915,0.124488839,0.29,0,0,0,0,0,0,1,0,0,0.3159,3.3508,34796,2.49,93.2,0.01,100771,808242,0.3819,707589,,,,,,,,,,
12980,"Battle Creek, MI",0.0805,0.076886569,0.084130019,2.6250,4116,-0.016,2485.9,22.73,0.00,0.00,0.40,2.24,12.30,1,0.00,0.0427,2,0.067034653,0.088555208,0.34,2,0,0,0,1,0,0,0,0,0.2041,1.0000,0,0.00,94.1,0.00,84592,135490,0.2737,138014,,,,,,,,,,
13020,"Bay City, MI",0.0824,0.083469722,0.081408141,2.7309,3206,-0.0092,3381.2,22.52,0.00,0.00,0.70,0.97,14.94,0,0.00,0.0164,2,0.056662219,0.085750155,0.29,2,0,0,0,1,0,0,0,0,0.2120,1.0000,0,0.00,96.7,0.01,81111,107110,0.4107,110192,,,,,,,,,,
13140,"Beaumont-Port Arthur, TX",0.1159,0.115632754,0.116154873,2.5494,13009,0.0265,3499.9,17.20,0.00,0.00,0.70,2.38,5.04,0,0.00,0.0901,2,0.060156171,0.101624657,0.26,0,0,0,0,0,0,1,0,0,0.2777,1.5121,0,0.00,92.2,0.01,97745,390535,0.1604,384759,,,,,,,,,,
13380,"Bellingham, WA",0.1132,0.111963794,0.114451794,7.3793,6881,0.0672,5393.5,29.31,0.00,81.76,0.70,2.55,19.80,0,0.00,0.1386,2,0.081229792,0.093693505,0.40,2,0,0,0,0,0,0,0,1,0.3367,4.4371,0,1.23,86.5,0.03,93643,203663,0.2574,167696,,,,,,,,,,
13460,"Bend, OR",0.1440,0.145099798,0.142954701,19.0703,5338,0.066,2077.6,26.91,0.00,0.61,0.70,2.6,32.43,0,839.26,0.0539,2,0.093780607,0.107360392,0.43,0,0,0,0,0,0,0,0,1,0.4092,4.7421,0,4.70,95.2,0.01,92314,160338,0.2952,116566,,,,,,,,,,
13740,"Billings, MT",0.1119,0.107320233,0.116576381,7.8255,5622,0.0604,3265.7,31.21,0.00,6.42,0.70,2.5,5.21,0,0.00,0.0216,1,0.089863431,0.095046578,0.28,0,0,0,0,0,0,0,1,0,0.3013,1.0000,0,1.92,91.6,0.01,94622,160097,0.2414,139131,,,,,,,,,,
13780,"Binghamton, NY",0.1117,0.10966736,0.113812726,4.6914,7867,-0.0039,4771.4,29.44,0.00,34.83,2.20,2.93,45.19,1,0.00,0.0538,2,0.062135254,0.082104338,0.29,0,0,1,0,0,0,0,0,0,0.2664,2.1996,0,8.80,91.2,0.02,84614,250074,0.3926,252189,,,,,,,,,,
13820,"Birmingham-Hoover, AL",0.1131,0.10990014,0.116281598,6.5086,39979,0.0275,4456.0,32.72,1.00,240.65,0.70,3.1625,7.42,8,0.02,0.0478,2,0.050316674,0.084412222,0.31,0,0,0,0,0,1,0,0,0,0.2983,2.7664,35935,2.61,93.3,0.01,100390,1132264,0.3113,1053306,,,,,,,,,,
13900,"Bismarck, ND",0.1064,0.10528169,0.10745234,7.2920,4327,0.0732,3417.8,36.27,0.00,135.40,0.70,3.24,10.52,2,0.00,0.0137,3,0.083175662,0.082003324,0.22,0,0,0,0,0,0,0,0,0,0.2816,3.7057,0,0.00,94.5,0.00,103701,110879,0.5217,94866,,,,,,,,,,
13980,"Blacksburg-Christiansburg-Radford, VA",0.1083,0.108237167,0.1083704,7.9996,4403,0.0301,2236.7,32.97,1.00,186.92,0.80,3.26,33.85,0,895.13,0.0654,2,0.153206085,0.103699663,0.34,1,0,0,1,0,0,0,0,0,0.2695,2.8463,230475,132.03,92.9,0.03,73418,162487,0.6357,151553,,,,,,,,,,
14020,"Bloomington, IN",0.0966,0.095035924,0.098220171,5.3331,5294,0.0402,5257.6,39.12,1.00,203.67,1.30,5.68,35.36,0,0.00,0.0596,2,0.157955898,0.086788465,0.36,0,0,0,0,1,0,0,0,0,0.2780,2.5449,135831,17.30,98.9,0.03,72558,194193,0.6873,175900,,,,,,,,,,
14060,"Bloomington-Normal, IL",0.0994,0.106015287,0.092874029,6.5474,6205,0.0424,3215.8,52.10,0.00,22.74,0.90,2.67,11.53,2,0.00,0.0698,1,0.111308412,0.070485235,0.26,0,0,0,0,1,0,0,0,0,0.2800,1.0000,0,0.16,92.3,0.02,101970,170556,0.6294,150844,,,,,,,,,,
14260,"Boise City-Nampa, ID",0.1331,0.134967293,0.13119484,12.0983,19115,0.0832,4434.8,29.32,0.00,33.65,1.40,4.4825,142.38,7,216.92,0.0870,3,0.084935998,0.091393211,0.35,0,0,0,0,0,0,0,1,0,0.3706,3.0712,0,1.58,92.2,0.01,92693,627664,0.2008,469017,,,,,,,,,,
14460,"Boston-Cambridge-Quincy, MA-NH",0.1153,0.112963299,0.117685106,9.9555,233583,0.0298,35550.2,50.60,5.00,584.19,0.90,10.28,87.36,34,2032.18,0.2064,5,0.056257564,0.085897243,0.40,2,1,0,0,0,0,0,0,0,0.2935,7.9046,36053,57.93,95.7,0.14,145000,4591112,0.3717,4401256,,,,,,,,,,
14500,"Boulder, CO",0.1511,0.146135935,0.155972359,50.6160,14940,0.0384,8802.4,60.74,1.00,218.17,3.50,10.575,188.84,0,2470.67,0.1357,3,0.135100126,0.108655566,0.38,3,0,0,0,0,0,0,1,0,0.3585,14.6951,92215,145.91,99.3,0.05,123622,299378,0.4552,293358,,,,,,,,,,
14540,"Bowling Green, KY",0.1375,0.134547069,0.140389725,3.0277,3390,0.0785,1236.8,30.67,0.00,0.00,0.40,1.66,11.75,1,0.05,0.0740,2,0.119662826,0.0974077,0.32,0,0,0,0,0,1,0,0,0,0.3035,3.3510,0,0.00,90.2,0.00,74839,127607,0.1958,104556,,,,,,,,,,
14740,"Bremerton-Silverdale, WA",0.1163,0.1149954,0.117591499,7.0353,9862,0.0273,3960.3,23.18,0.00,0.20,0.70,5.17,212.99,0,19.46,0.0843,1,0.108071224,0.098391897,0.37,7,0,0,0,0,0,0,0,1,0.3217,1.7854,0,3.34,92.6,0.08,110247,254633,0.2797,232720,,,,,,,,,,
14860,"Bridgeport-Stamford-Norwalk, CT",0.1129,0.110454232,0.115355917,9.8313,60805,0.0246,12371.4,47.20,0.00,2.82,1.50,3.5125,68.11,19,311.95,0.2551,2,0.060565779,0.075489821,0.44,6,1,0,0,0,0,0,0,0,0.2824,7.1562,0,4.96,94.8,0.09,200020,925899,0.3364,884364,,,,,,,,,,
15180,"Brownsville-Harlingen, TX",0.1264,0.124627184,0.128166595,1.9922,8591,0.073,5247.3,14.54,0.00,12.16,0.20,0.74,0.97,0,0.00,0.3739,1,0.028798193,0.091121056,0.34,1,0,0,0,0,0,1,0,0,0.3132,1.0000,0,0.00,91.1,0.01,79222,414123,0.1028,336123,,,,,,,,,,
15260,"Brunswick, GA",0.1126,0.113685114,0.111555556,4.9895,3290,0.0744,1130.0,19.46,0.00,0.00,0.40,1.24,3.84,0,0.00,0.0457,1,0.082447559,0.109734545,0.32,0,0,0,1,0,0,0,0,0,0.3013,1.8856,0,0.00,92.4,0.01,82181,112923,0.2092,93344,,,,,,,,,,
15380,"Buffalo-Niagara Falls, NY",0.1116,0.111633373,0.111505244,3.7701,39751,-0.0056,9761.8,35.66,1.00,123.10,0.80,3.075,20.49,6,11.29,0.0687,2,0.03946046,0.087381202,0.32,0,0,1,0,0,0,0,0,0,0.2766,3.6454,30667,4.92,94.6,0.03,93058,1134039,0.3622,1169060,,,,,,,,,,
15500,"Burlington, NC",0.0989,0.099802761,0.098007968,3.4635,4318,0.0712,1658.8,24.03,0.00,1.53,0.80,1.12,9.57,1,0.00,0.0869,2,0.069025197,0.08772291,0.32,4,0,0,1,0,0,0,0,0,0.2662,1.6524,0,2.65,92.4,0.00,78712,153291,0.1381,131423,,,,,,,,,,
15540,"Burlington-South Burlington, VT",0.0977,0.096743477,0.098618573,12.8569,8280,0.0197,4736.9,44.30,0.00,377.80,1.60,4.46,217.22,0,134.92,0.0715,3,0.08881035,0.083761344,0.38,0,1,0,0,0,0,0,0,0,0.2633,5.2346,0,23.38,95.6,0.02,107665,212535,0.4081,199600,,,,,,,,,,
15940,"Canton-Massillon, OH",0.0880,0.085714286,0.090274684,3.6013,12331,-0.0028,4776.1,25.72,0.00,0.44,0.30,1.45,37.06,2,5.57,0.0203,2,0.046145487,0.081942162,0.29,1,0,0,0,1,0,0,0,0,0.2367,1.2476,0,0.00,94.6,0.01,84495,403869,0.3803,406887,,,,,,,,,,
15980,"Cape Coral-Fort Myers, FL",0.1805,0.179546671,0.181450194,6.5679,23327,0.0648,2872.9,21.87,0.00,0.00,0.50,1.28,6.02,1,33.36,0.1736,1,0.093796226,0.105559733,0.41,1,0,0,1,0,0,0,0,0,0.4193,2.4256,0,0.00,94.3,0.01,98624,631330,0.1857,444311,,,,,,,,,,
16020,"Cape Girardeau-Jackson, MO-IL",0.1499,0.190174326,0.109695039,2.9083,2896,0.0242,2695.1,28.02,0.00,0.00,0.70,1.12,6.18,0,0.00,0.0193,3,0.099006075,0.086444931,0.27,0,0,0,0,0,0,0,0,0,0.3065,1.0000,0,0.00,96.3,0.03,82445,97024,0.3786,90527,,,,,,,,,,
16180,"Carson City, NV",0.1436,0.142857143,0.144400227,12.5194,1971,-0.0036,3959.4,15.74,0.00,437.20,0.50,3.91,10.82,1,116.82,0.1427,2,0.13251227,0.086953977,0.35,2,0,0,0,0,0,0,1,0,0.3410,1.0000,0,6.97,96.9,0.01,98374,55439,0.0954,52568,,,,,,,,,,
16220,"Casper, WY",0.1000,0.096642097,0.103294022,6.9846,3520,0.0659,2865.7,29.11,0.00,0.00,0.40,2.73,3.49,0,0.00,0.0270,2,0.121886133,0.113393666,0.25,0,0,0,0,0,0,0,1,0,0.2826,1.0000,0,0.44,92.8,0.01,126534,76366,0.2820,66603,,,,,,,,,,
16300,"Cedar Rapids, IA",0.0971,0.098770329,0.095419847,9.5377,9752,0.0352,2874.0,32.72,0.00,0.86,1.50,3.04,63.58,1,6.19,0.0305,2,0.060532811,0.085993985,0.24,1,0,0,0,0,0,0,0,0,0.2652,6.7565,0,0.00,94.4,0.01,102425,260575,0.4187,237950,,,,,,,,,,
16580,"Champaign-Urbana, IL",0.0971,0.098184608,0.095918898,9.3846,7307,0.0336,5878.3,43.19,1.00,354.08,0.70,2.61,52.22,1,32.86,0.1140,1,0.114319082,0.083162063,0.34,1,0,0,0,1,0,0,0,0,0.2538,2.2912,223260,42.47,95.7,0.05,83672,232336,0.6555,210623,,,,,,,,,,
16620,"Charleston, WV",0.0840,0.083008357,0.084939874,5.1904,10556,0.0009,3906.7,36.01,0.00,96.67,0.60,2.55,6.92,1,1.64,0.0152,1,0.051929044,0.079151116,0.20,0,0,0,1,0,0,0,0,0,0.2211,1.0000,0,0.00,93.3,0.01,92324,303674,0.5528,309317,,,,,,,,,,
16700,"Charleston-North Charleston-Summerville, SC",0.1379,0.138514651,0.137353291,5.8525,22527,0.0867,7057.1,25.08,0.00,166.34,0.80,3.3575,7.97,1,24.15,0.0663,2,0.102574982,0.104563038,0.38,0,0,0,1,0,0,0,0,0,0.3480,4.0786,0,6.75,91.1,0.01,93809,682121,0.2901,550916,,,,,,,,,,
16740,"Charlotte-Gastonia-Rock Hill, NC-SC",0.1503,0.149121653,0.151558214,10.3248,63967,0.1146,3350.6,37.47,0.00,3.19,0.80,3.9075,14.91,18,29.40,0.1267,3,0.072768015,0.093779224,0.34,0,0,0,1,0,0,0,0,0,0.3644,4.5645,0,0.89,93.9,0.03,104327,1795472,0.2943,1339903,,,,,,,,,,
16820,"Charlottesville, VA",0.1112,0.112533098,0.109924344,10.9912,8030,0.0521,7633.2,42.08,1.00,713.95,1.00,3.89,37.60,0,143.65,0.0917,1,0.112202878,0.097882356,0.33,0,0,0,1,0,0,0,0,0,0.3134,5.9048,131408,56.63,94.8,0.03,109575,203882,0.4799,174979,,,,,,,,,,
16860,"Chattanooga, TN-GA",0.1100,0.109855389,0.110139214,4.4871,17053,0.0449,2724.0,24.59,0.00,0.71,0.50,1.97,6.37,1,4.46,0.0424,2,0.073283497,0.091945137,0.30,2,0,0,0,0,1,0,0,0,0.2841,3.0624,0,2.14,95.3,0.01,88926,533372,0.3508,477630,,,,,,,,,,
16940,"Cheyenne, WY",0.1441,0.136752137,0.151396161,20.9932,3839,0.0612,2892.8,23.08,0.00,150.22,0.60,3.15,3.60,1,0.00,0.0368,1,0.123114451,0.099916656,0.26,0,0,0,0,0,0,0,1,0,0.3260,1.0000,0,0.00,94.5,0.01,112867,92680,0.1582,81825,,,,,,,,,,
16980,"Chicago-Joliet-Naperville, IL-IN-WI",0.1361,0.133817767,0.138329176,9.9278,385734,0.0188,30709.8,38.54,3.00,87.51,0.90,5.02,29.03,75,369.49,0.2315,5,0.042270535,0.080487218,0.41,3,0,0,0,1,0,0,0,0,0.3344,4.6613,12862,3.59,94.1,0.16,123475,9504753,0.2843,9113234,,,,,,,,,,
17020,"Chico, CA",0.1017,0.103237792,0.100242522,2.6203,6430,0.0146,4771.3,21.97,0.00,0.46,0.50,1.61,5.75,0,0.00,0.0998,1,0.070312211,0.092810775,0.44,0,0,0,0,0,0,0,0,1,0.2904,3.7240,0,3.84,98.4,0.01,81592,220266,0.1763,203807,,,,,,,,,,
17140,"Cincinnati-Middletown, OH-KY-IN",0.1067,0.105229814,0.108196406,7.1537,78451,0.0224,8120.5,33.16,1.00,106.77,0.80,4.44,37.60,14,73.31,0.0491,4,0.049711264,0.090023632,0.32,1,0,0,0,1,0,0,0,0,0.2777,3.4789,16836,3.95,94.9,0.04,104807,2138038,0.4572,2014463,,,,,,,,,,
17300,"Clarksville, TN-KY",0.1226,0.125,0.120156203,3.9402,8596,0.0992,1443.8,20.24,0.00,0.00,0.60,1.71,2.76,0,0.00,0.0610,2,0.182458834,0.103569434,0.31,0,0,0,0,0,1,0,0,0,0.3005,1.3601,0,0.00,96.7,0.01,92530,277701,0.2390,233367,,,,,,,,,,
17420,"Cleveland, TN",0.0968,0.098224852,0.095412844,2.1497,3102,0.043,1591.2,27.24,0.00,0.00,0.90,2.25,6.28,1,0.00,0.0389,2,0.074899973,0.090555643,0.30,2,0,0,0,0,1,0,0,0,0.2714,1.0000,0,0.00,93.8,0.00,76449,116834,0.2369,104338,,,,,,,,,,
17460,"Cleveland-Elyria-Mentor, OH",0.1007,0.099723142,0.101717197,7.6288,78192,-0.0114,6345.0,32.45,1.00,145.99,0.70,3.585,32.06,15,65.82,0.0722,2,0.038913695,0.084638749,0.35,1,0,0,0,1,0,0,0,0,0.2635,4.1911,20257,12.65,98.8,0.04,102414,2068283,0.3731,2147532,,,,,,,,,,
17660,"Coeur d'Alene, ID",0.1252,0.124534784,0.125934789,10.1927,4123,0.0726,3950.1,25.39,0.00,0.00,0.70,2.36,10.86,0,0.00,0.0315,1,0.110163128,0.107115759,0.36,1,0,0,0,0,0,0,1,0,0.3707,4.5428,0,0.35,97.6,0.01,83883,141132,0.3090,109487,,,,,,,,,,
17780,"College Station-Bryan, TX",0.1216,0.120115774,0.123184195,5.2681,6065,0.0979,5490.3,36.52,1.00,221.97,0.70,4.99,18.42,0,0.00,0.1659,1,0.143385527,0.115511933,0.39,0,0,0,0,0,0,1,0,0,0.3117,3.1587,263441,50.35,95.5,0.02,75835,231623,0.3560,185760,,,,,,,,,,
17820,"Colorado Springs, CO",0.1463,0.146151897,0.146411403,19.6849,23264,0.0798,3845.0,35.19,0.00,3.74,1.80,4.725,28.82,0,2.55,0.0908,3,0.138927426,0.125765698,0.35,0,0,0,0,0,0,0,1,0,0.3683,3.7260,0,16.64,93.7,0.01,102417,660319,0.2496,540593,,,,,,,,,,
17860,"Columbia, MO",0.1304,0.130702491,0.13,5.8972,5843,0.0641,2553.8,48.35,1.00,303.00,0.60,3.06,16.68,0,22.79,0.0741,1,0.139537697,0.081662208,0.32,1,0,0,0,0,0,0,0,0,0.3340,4.4124,145335,15.48,94.0,0.01,91333,175831,0.6333,146122,,,,,,,,,,
17900,"Columbia, SC",0.1163,0.117476198,0.115217925,6.0253,24277,0.0767,4629.5,34.15,1.00,114.40,0.60,2.69,8.58,2,4.76,0.0590,1,0.094574516,0.090816301,0.31,1,0,0,1,0,0,0,0,0,0.3002,2.5442,23147,4.26,92.1,0.01,88787,777116,0.3113,649567,,,,,,,,,,
17980,"Columbus, GA-AL",0.1041,0.103202847,0.104977376,3.6358,10211,0.0225,3052.7,22.14,0.00,0.00,1.20,2.15,2.65,2,0.00,0.0564,2,0.163989972,0.097009499,0.36,1,0,0,1,0,0,0,0,0,0.2768,1.9952,0,0.00,91.6,0.01,96980,301439,0.2606,282431,,,,,,,,,,
18020,"Columbus, IN",0.0917,0.086603518,0.096796183,10.0315,2659,0.0321,1959.3,27.35,0.00,0.00,0.60,1.13,56.08,1,0.00,0.0861,2,0.087841385,0.082357863,0.24,0,0,0,0,1,0,0,0,0,0.2319,2.2842,0,5.40,95.3,0.01,98321,77870,0.4962,71763,,,,,,,,,,
18140,"Columbus, OH",0.1199,0.116648432,0.123151041,9.5210,65451,0.0503,6929.7,38.13,1.00,160.77,1.00,5.805,21.72,15,11.30,0.0825,1,0.061396711,0.090603493,0.33,0,0,0,0,1,0,0,0,0,0.2998,5.3046,39460,7.05,95.8,0.02,99239,1858464,0.4223,1619707,,,,,,,,,,
18580,"Corpus Christi, TX",0.1024,0.100891467,0.103901672,3.1527,14440,0.0205,5220.5,19.67,0.00,1.06,0.50,1.8,4.17,1,0.00,0.0959,2,0.07352577,0.10175954,0.33,0,0,0,0,0,0,1,0,0,0.2802,1.2318,0,0.00,90.5,0.02,102000,431381,0.1873,403458,,,,,,,,,,
18700,"Corvallis, OR",0.1073,0.108657757,0.105882353,17.3242,2984,0.0436,3699.3,43.96,1.00,312.84,1.90,8.32,264.17,0,0.00,0.1041,2,0.141904704,0.07840077,0.39,1,0,0,0,0,0,0,0,1,0.2736,2.1638,272847,40.32,100.0,0.02,93519,85928,0.5952,78236,,,,,,,,,,
18880,"Crestview-Fort Walton Beach-Destin, FL",0.1350,0.130630631,0.139296957,8.9563,6955,-0.0178,725.8,24.65,0.00,0.98,1.80,4.21,4.36,0,0.00,0.0889,1,0.137827263,0.116935805,0.35,0,0,0,1,0,0,0,0,0,0.3277,4.2701,0,11.93,93.3,0.01,105028,183482,0.2598,171200,,,,,,,,,,
19060,"Cumberland, MD-WV",0.0848,0.080296128,0.089223638,3.0796,2974,0.0195,1902.3,17.57,0.00,0.00,0.60,1.61,1.62,0,0.00,0.0160,2,0.078797604,0.074924463,0.28,0,0,0,1,0,0,0,0,0,0.2381,1.0000,0,3.50,94.6,0.01,77519,102884,0.4531,101858,,,,,,,,,,
19100,"Dallas-Fort Worth-Arlington, TX",0.1650,0.16470749,0.165261878,11.6883,248198,0.0862,5559.6,29.69,0.00,37.99,1.50,6.58,31.05,48,126.96,0.2247,5,0.050176034,0.092078826,0.34,1,0,0,0,0,0,1,0,0,0.3932,5.2442,0,2.43,92.6,0.01,118300,6526548,0.2359,5192445,,,,,,,,,,
19140,"Dalton, GA",0.0878,0.086794214,0.088815789,2.6364,3499,0.0421,1588.5,10.26,0.00,2.13,1.10,1.66,3.50,0,0.00,0.1866,2,0.046035549,0.070938282,0.31,2,0,0,1,0,0,0,0,0,0.2395,1.0000,0,0.00,87.1,0.00,79601,142741,0.0781,120959,,,,,,,,,,
19180,"Danville, IL",0.0722,0.069291339,0.075040783,1.7286,2333,-0.0136,1952.7,14.16,0.00,0.00,0.60,1.62,5.32,0,0.00,0.0274,2,0.053863102,0.078185231,0.24,1,0,0,0,1,0,0,0,0,0.1972,3.4537,0,0.00,86.8,0.01,78791,81509,0.2485,83821,,,,,,,,,,
19260,"Danville, VA",0.0818,0.080965147,0.082690187,2.6114,3018,-0.0076,1855.0,17.73,0.00,0.00,0.70,0.92,0.95,0,0.00,0.0267,2,0.062876133,0.105736056,0.30,0,0,0,1,0,0,0,0,0,0.2296,1.0000,0,0.27,99.1,0.01,75314,105696,0.1953,109939,,,,,,,,,,
19340,"Davenport-Moline-Rock Island, IA-IL",0.0889,0.090362308,0.087427746,4.5581,14354,0.0173,4789.6,29.57,0.00,4.45,0.50,2.08,18.53,1,0.00,0.0574,2,0.070341742,0.087288214,0.26,0,0,0,0,0,0,0,0,0,0.2454,1.2622,0,0.00,92.3,0.02,102558,381342,0.2661,375763,,,,,,,,,,
19380,"Dayton, OH",0.0926,0.093767774,0.091370558,7.5234,28050,-0.0047,5280.8,26.10,0.00,15.72,1.10,4.525,20.50,3,36.81,0.0407,2,0.066191008,0.085001979,0.33,2,0,0,0,1,0,0,0,0,0.2429,2.7743,0,37.79,93.7,0.02,89898,845388,0.4326,848319,,,,,,,,,,
19460,"Decatur, AL",0.0978,0.097355769,0.098314607,2.7329,4366,0.0295,2114.8,18.81,0.00,2.87,0.60,2.92,5.63,0,0.00,0.0492,2,0.049705387,0.08467925,0.24,1,0,0,0,0,1,0,0,0,0.2440,1.0000,0,2.16,96.0,0.00,80408,154070,0.1300,146095,,,,,,,,,,
19500,"Decatur, IL",0.0750,0.076076076,0.074,4.1068,3955,-0.0005,3212.9,20.47,0.00,11.75,0.40,1.16,17.76,1,0.00,0.0259,2,0.068161163,0.078217466,0.25,0,0,0,0,1,0,0,0,0,0.2019,1.0000,0,0.00,87.1,0.01,94967,110730,0.5098,114499,,,,,,,,,,
19660,"Deltona-Daytona Beach-Ormond Beach, FL",0.1429,0.141923857,0.143880801,6.4178,14602,-0.0002,2311.1,18.52,0.00,0.00,0.70,1.43,9.36,0,0.00,0.0846,1,0.091757526,0.096593125,0.40,2,0,0,1,0,0,0,0,0,0.3521,1.8084,0,0.86,94.2,0.01,77790,494804,0.2405,444935,,,,,,,,,,
19740,"Denver-Aurora-Broomfield, CO",0.1571,0.157415209,0.156734231,20.2862,110544,0.076,9678.3,39.65,0.00,126.56,1.50,8.6,25.71,25,216.58,0.1472,5,0.071598288,0.117571389,0.36,1,0,0,0,0,0,0,1,0,0.3752,7.5782,0,12.71,92.5,0.05,122131,2599504,0.2531,2170977,,,,,,,,,,
19780,"Des Moines-West Des Moines, IA",0.1148,0.114194035,0.115395494,12.1781,23050,0.0736,4782.9,39.67,0.00,59.32,0.70,3.625,34.24,6,16.53,0.0838,2,0.064050643,0.084314211,0.27,0,0,0,0,0,0,0,0,0,0.2996,2.7234,0,0.28,93.6,0.01,112987,580255,0.2624,483243,,,,,,,,,,
19820,"Detroit-Warren-Livonia, MI",0.1281,0.12634183,0.129834946,4.0260,152065,-0.027,6690.9,29.50,1.00,28.27,0.90,7.61,48.47,20,23.62,0.1085,3,0.034972215,0.086642321,0.37,2,0,0,0,1,0,0,0,0,0.3136,3.8233,5911,1.57,94.0,0.02,101787,4285832,0.3718,4455503,,,,,,,,,,
20020,"Dothan, AL",0.0926,0.094043887,0.091230552,4.5047,4408,0.0491,1977.8,18.58,0.00,0.00,0.50,1.07,1.59,0,0.00,0.0284,2,0.068304494,0.086790267,0.27,0,0,0,0,0,1,0,0,0,0.2612,1.0000,0,0.00,93.2,0.00,83463,146562,0.1576,131024,,,,,,,,,,
20100,"Dover, DE",0.1261,0.126009693,0.126277074,10.7710,4887,0.088,1776.8,21.19,0.00,92.81,0.30,2.41,6.67,1,0.00,0.0671,1,0.090665273,0.088515022,0.35,2,0,0,1,0,0,0,0,0,0.3106,1.0000,0,0.00,96.6,0.01,88521,164834,0.2920,127229,,,,,,,,,,
20220,"Dubuque, IA",0.0952,0.099462366,0.091033227,4.9196,3263,0.0288,3747.6,36.60,0.00,0.00,0.90,2.04,23.24,0,0.00,0.0232,2,0.074179143,0.07396602,0.26,0,0,0,0,0,0,0,0,0,0.2409,1.0000,0,0.00,88.7,0.01,95827,94648,0.3149,89201,,,,,,,,,,
20260,"Duluth, MN-WI",0.0837,0.084767484,0.082555099,3.1023,8830,0.0109,6057.5,28.07,0.00,8.34,0.50,2.96,7.03,0,0.01,0.0199,3,0.069776081,0.089928929,0.31,0,0,0,0,0,0,0,0,0,0.2407,1.7148,0,0.00,92.8,0.03,82495,279815,0.3405,275775,,,,,,,,,,
20500,"Durham-Chapel Hill, NC",0.1363,0.137085635,0.135495078,14.1107,18847,0.0804,4861.3,49.21,2.00,1955.11,2.60,10.9825,91.88,1,1058.51,0.1457,4,0.111227246,0.076431659,0.34,3,0,0,1,0,0,0,0,0,0.3326,5.0937,257068,57.56,91.5,0.04,100227,512979,0.3977,426116,,,,,,,,,,
20740,"Eau Claire, WI",0.1121,0.113207547,0.11094132,2.1361,5180,0.0335,3536.7,31.24,0.00,1.12,0.80,2.11,15.98,1,0.03,0.0260,2,0.080655959,0.081448473,0.31,0,0,0,0,1,0,0,0,0,0.2742,1.0000,0,0.00,95.6,0.01,87670,162657,0.3474,148656,,,,,,,,,,
20940,"El Centro, CA",0.0961,0.092756644,0.099473684,1.6470,4397,0.0912,3238.7,16.26,0.00,0.00,0.30,1.23,0.94,0,0.00,0.4764,1,0.055608126,0.10365669,0.43,0,0,0,0,0,0,0,0,1,0.2728,1.5648,0,0.00,93.3,0.01,95106,177057,0.1059,142410,,,,,,,,,,
21060,"Elizabethtown, KY",0.1565,0.151626059,0.161375931,4.8192,5550,0.0874,2160.0,17.15,0.00,0.00,0.60,1.92,6.57,0,0.00,0.0530,2,0.150566031,0.094678885,0.27,0,0,0,0,0,1,0,0,0,0.2790,4.2849,0,0.00,97.7,0.00,87586,121771,0.2470,681729,,,,,,,,,,
21140,"Elkhart-Goshen, IN",0.1373,0.11163522,0.163037975,2.9020,2749,0.0128,3235.8,18.59,0.00,0.00,0.40,1.61,19.60,2,0.00,0.1020,2,0.064101259,0.083830917,0.30,3,0,0,0,1,0,0,0,0,0.2596,5.0213,0,1.93,89.0,0.00,83990,198941,0.1325,106317,,,,,,,,,,
21300,"Elmira, NY",0.0889,0.089057195,0.088713911,0.5277,21396,0.0011,4715.6,18.49,0.00,0.00,0.60,1.39,51.40,1,0.00,0.0315,2,0.072606696,0.08537445,0.28,1,0,1,0,0,0,0,0,0,0.1944,1.0000,0,19.45,76.2,0.02,90735,88840,0.3845,183412,,,,,,,,,,
21340,"El Paso, TX",0.0750,0.079037801,0.070877193,3.3453,3746,0.0795,1700.5,22.42,0.00,14.91,0.50,1.46,2.52,1,0.00,0.3956,2,0.069004619,0.096766016,0.34,0,0,0,0,0,0,1,0,0,0.3550,1.3655,0,0.34,94.3,0.02,89597,820790,0.1280,91094,,,,,,,,,,
21500,"Erie, PA",0.0850,0.081200168,0.088809574,2.8623,8589,0.0095,8980.3,30.10,0.00,4.32,0.60,1.5,23.37,1,5.85,0.0444,2,0.060637925,0.094637286,0.30,0,0,1,0,0,0,0,0,0,0.2205,1.0000,0,1.13,94.6,0.01,84844,280985,0.2682,280803,,,,,,,,,,
21660,"Eugene-Springfield, OR",0.1059,0.105688901,0.106137765,8.4140,10751,0.0352,4707.2,28.40,1.00,203.03,0.80,3.12,18.58,0,1.42,0.0619,2,0.091460142,0.086850278,0.41,0,0,0,0,0,0,0,0,1,0.2904,3.8295,22432,37.73,95.3,0.03,81464,353416,0.2999,323492,,,,,,,,,,
21780,"Evansville, IN-KY",0.0870,0.086423584,0.087584367,2.6401,11993,0.0174,4808.2,24.55,0.00,0.18,0.90,1.89,18.71,3,13.93,0.0212,2,0.058336597,0.086883101,0.28,1,0,0,0,1,0,0,0,0,0.2400,1.8336,0,0.19,95.9,0.01,91584,359879,0.3814,343068,,,,,,,,,,
21820,"Fairbanks, AK",0.1089,0.113710555,0.104087193,4.7190,3656,0.0854,1684.1,20.91,0.00,125.27,0.40,5.77,3.36,0,0.00,0.0711,1,0.24702743,0.11671418,0.35,0,0,0,0,0,0,0,0,1,0.2804,2.0081,0,0.34,97.7,0.01,107994,99192,0.3194,83005,,,,,,,,,,
22020,"Fargo, ND-MN",0.1123,0.114102049,0.110547667,7.8694,8334,0.0827,4996.1,38.03,1.00,43.30,0.90,2.6,22.62,1,0.00,0.0460,2,0.133396391,0.092249941,0.29,0,0,0,0,0,0,0,0,0,0.3073,3.8279,55550,7.06,95.5,0.01,104297,212171,0.3812,174970,,,,,,,,,,
22140,"Farmington, NM",0.1141,0.114235501,0.114007954,3.2996,3545,0.0412,4493.4,12.58,0.00,0.00,0.20,1.68,5.98,0,0.00,0.0502,2,0.064027239,0.124319591,0.23,0,0,0,0,0,0,0,1,0,0.3115,1.0000,0,0.00,89.5,0.00,90854,128200,0.1272,114131,,,,,,,,,,
22180,"Fayetteville, NC",0.1233,0.1270223,0.119509476,4.4751,14070,0.0543,1718.2,21.99,0.00,0.70,0.40,1.81,2.58,0,0.00,0.0791,1,0.164539107,0.105346395,0.35,0,0,0,1,0,0,0,0,0,0.3044,1.8018,0,0.00,91.9,0.01,109756,374157,0.2080,337678,,,,,,,,,,
22220,"Fayetteville-Springdale-Rogers, AR-MO",0.1407,0.14130287,0.140038631,7.9947,14501,0.0985,2104.2,27.50,1.00,9.47,0.70,2.52,7.39,3,11.59,0.1257,4,0.090723432,0.091244409,0.29,0,0,0,0,0,0,1,0,0,0.3622,2.8994,24775,16.53,93.7,0.01,91249,473830,0.1832,349532,,,,,,,,,,
22380,"Flagstaff, AZ",0.1064,0.111905613,0.100907441,4.6387,4336,0.0459,3934.2,23.93,0.00,23.99,0.40,3.68,29.49,0,0.00,0.0731,4,0.128603121,0.124296805,0.37,0,0,0,0,0,0,0,1,0,0.3133,1.0000,0,2.74,95.7,0.01,99525,134511,0.3174,116773,,,,,,,,,,
22420,"Flint, MI",0.1088,0.107105538,0.110403397,3.0882,11672,-0.0364,3502.2,22.11,0.00,1.95,0.60,1.34,20.77,0,0.00,0.0304,1,0.050036565,0.086285857,0.36,1,0,0,0,1,0,0,0,0,0.2694,1.7108,0,0.00,93.3,0.01,77989,422080,0.3693,436965,,,,,,,,,,
22500,"Florence, SC",0.1001,0.098214286,0.10205314,1.8671,5994,0.0239,1894.5,21.99,0.00,0.00,0.50,1.63,10.67,0,0.00,0.0263,2,0.057225774,0.089701393,0.28,0,0,0,1,0,0,0,0,0,0.2515,1.9701,0,0.00,93.2,0.00,84069,206161,0.3223,193290,,,,,,,,,,
22520,"Florence-Muscle Shoals, AL",0.0983,0.103025661,0.093555901,3.8310,4142,0.0174,1404.3,23.02,0.00,0.27,0.30,1.31,3.17,0,0.00,0.0207,2,0.062732678,0.088360931,0.28,0,0,0,0,0,1,0,0,0,0.2530,3.7157,0,0.45,98.3,0.00,75329,147293,0.2157,143036,,,,,,,,,,
22540,"Fond du Lac, WI",0.0775,0.079318735,0.075651303,0.6885,3443,0.0175,2211.4,22.49,0.00,0.00,0.80,1.86,14.37,0,0.00,0.0336,2,0.058808251,0.07345478,0.29,2,0,0,0,1,0,0,0,0,0.2063,2.9593,0,0.00,96.0,0.00,92749,102079,0.2301,97390,,,,,,,,,,
22660,"Fort Collins-Loveland, CO",0.1428,0.138998869,0.146537162,21.8147,10804,0.0707,5145.8,43.89,1.00,152.51,1.60,5.47,97.32,2,1858.81,0.0627,1,0.129226734,0.124351307,0.37,2,0,0,0,0,0,0,1,0,0.3635,5.9096,100686,30.35,82.4,0.01,97454,305525,0.3903,253072,,,,,,,,,,
22900,"Fort Smith, AR-OK",0.1189,0.119640243,0.118131868,3.2249,8559,0.0336,4397.1,15.88,0.00,0.45,0.30,1.08,3.00,1,0.00,0.0689,2,0.069681768,0.097247492,0.27,0,0,0,0,0,0,1,0,0,0.3062,1.3332,0,0.50,93.4,0.01,82642,300087,0.0971,273863,,,,,,,,,,
23060,"Fort Wayne, IN",0.0927,0.094918752,0.090468709,6.3712,13147,0.0246,4821.9,26.28,0.00,0.25,0.90,1.98,27.26,1,0.00,0.0605,2,0.050686332,0.084862658,0.24,0,0,0,0,1,0,0,0,0,0.2601,1.7152,0,2.66,95.2,0.00,90275,419453,0.2629,391039,,,,,,,,,,
23420,"Fresno, CA",0.1197,0.122918707,0.116413474,2.8808,26599,0.0558,7351.5,18.37,0.00,1.72,0.50,2.1825,4.45,0,141.22,0.3092,1,0.041123406,0.097657156,0.45,2,0,0,0,0,0,0,0,1,0.3131,2.2727,0,0.28,93.6,0.01,101271,942904,0.1254,801288,,,,,,,,,,
23460,"Gadsden, AL",0.0815,0.081000596,0.082017011,2.4031,2941,0.0088,2234.9,18.70,0.00,0.00,0.40,0.57,2.24,0,0.00,0.0252,2,0.064780386,0.091593864,0.29,2,0,0,0,0,1,0,0,0,0.2288,1.0000,0,0.00,90.2,0.00,78140,104303,0.2039,103286,,,,,,,,,,
23540,"Gainesville, FL",0.1307,0.128503665,0.132956767,8.9942,8259,0.0339,4019.0,43.88,1.00,554.52,0.70,3.27,41.55,0,64.43,0.1227,1,0.138809235,0.095697185,0.40,0,0,0,1,0,0,0,0,0,0.3147,2.5017,239293,29.69,88.6,0.04,83097,266369,0.5869,233054,,,,,,,,,,
23580,"Gainesville, GA",0.1203,0.118688525,0.122,6.2949,5217,0.0818,3160.0,21.06,0.00,0.00,0.50,1.47,10.74,0,0.00,0.1966,2,0.071225087,0.095383523,0.35,0,0,0,1,0,0,0,0,0,0.3318,1.0000,0,0.00,87.0,0.00,94258,183052,0.0898,140993,,,,,,,,,,
24020,"Glens Falls, NY",0.1171,0.114546175,0.119565217,3.3792,4169,0.0056,2900.0,20.35,0.00,0.00,1.20,1.13,10.59,0,0.00,0.0312,2,0.065479238,0.091341098,0.33,0,0,1,0,0,0,0,0,0,0.2798,1.0000,0,0.39,97.4,0.00,88366,128996,0.2653,124250,,,,,,,,,,
24140,"Goldsboro, NC",0.1003,0.10708402,0.093541203,0.7477,3396,0.0452,2203.8,18.30,0.00,0.00,0.30,1.23,1.89,0,0.00,0.0794,2,0.083328387,0.089934496,0.31,0,0,0,1,0,0,0,0,0,0.2463,1.0000,0,0.00,91.0,0.01,78081,123697,0.1043,113648,,,,,,,,,,
24220,"Grand Forks, ND-MN",0.0952,0.096126925,0.094287041,6.7896,3562,0.0032,3049.5,30.19,0.00,86.12,0.40,2.12,13.26,0,0.00,0.0357,1,0.144654882,0.09302507,0.30,0,0,0,0,0,0,0,0,0,0.2430,1.0000,0,2.99,94.5,0.02,96509,98054,0.4312,97405,,,,,,,,,,
24300,"Grand Junction, CO",0.1209,0.12611156,0.115605357,11.5777,4660,0.0865,4117.9,24.28,0.00,0.00,0.40,2.13,7.03,0,0.00,0.0523,1,0.108647202,0.140281349,0.35,0,0,0,0,0,0,0,1,0,0.3591,1.6799,0,2.04,90.4,0.01,88795,147083,0.1741,117631,,,,,,,,,,
24340,"Grand Rapids-Wyoming, MI",0.1033,0.104015152,0.102490349,4.8716,24283,0.0067,6242.2,31.48,0.00,6.62,0.60,3.08,19.88,7,35.12,0.0725,2,0.058347704,0.087140135,0.33,2,0,0,0,1,0,0,0,0,0.2707,4.0785,0,0.47,93.7,0.01,92360,779604,0.2302,742793,,,,,,,,,,
24500,"Great Falls, MT",0.0887,0.0944334,0.082867311,3.5724,2884,0.0191,2822.4,23.83,0.00,32.08,0.40,1.9,3.26,0,0.00,0.0289,1,0.123715967,0.095832989,0.28,0,0,0,0,0,0,0,1,0,0.2483,1.0000,0,2.32,89.5,0.01,93714,81837,0.2078,80318,,,,,,,,,,
24540,"Greeley, CO",0.1458,0.150305998,0.141344496,7.4091,6895,0.102,4392.4,25.15,0.00,4.38,0.50,1.86,71.79,1,94.40,0.1138,2,0.107705196,0.130985073,0.36,2,0,0,0,0,0,0,1,0,0.3685,1.7733,0,4.25,92.3,0.01,83798,258638,0.1171,182861,,,,,,,,,,
24580,"Green Bay, WI",0.0885,0.091372227,0.08553291,4.8589,10610,0.0281,4734.5,26.10,0.00,3.04,0.50,2.65,9.69,3,4.80,0.0502,2,0.049368708,0.0756502,0.30,1,0,0,0,1,0,0,0,0,0.2509,1.6463,0,1.80,94.3,0.01,95701,309469,0.1831,283282,,,,,,,,,,
24660,"Greensboro-High Point, NC",0.1095,0.109491836,0.109468822,4.7975,22862,0.0516,4377.7,28.27,0.00,12.68,0.70,2.18,15.69,3,75.84,0.0953,2,0.061953391,0.086121163,0.33,2,0,0,1,0,0,0,0,0,0.2818,2.9153,0,1.58,92.1,0.01,86562,730966,0.2268,645409,,,,,,,,,,
24780,"Greenville, NC",0.1258,0.126086957,0.125461255,4.0545,5448,0.0948,3624.1,30.98,0.00,47.43,0.50,2.27,11.59,0,0.00,0.0674,2,0.1063276,0.090168019,0.38,0,0,0,1,0,0,0,0,0,0.3130,2.5569,0,0.70,93.2,0.01,78092,192690,0.2668,153318,,,,,,,,,,
24860,"Greenville-Mauldin-Easley, SC",0.1202,0.120524325,0.119925214,7.2487,20068,0.0669,2798.3,29.92,0.00,12.19,0.90,3.1525,32.64,2,109.11,0.0809,2,0.081024807,0.095790707,0.29,2,0,0,1,0,0,0,0,0,0.3157,2.6991,0,0.45,94.5,0.00,88089,647401,0.2928,561439,,,,,,,,,,
25060,"Gulfport-Biloxi, MS",0.1098,0.107261996,0.112374064,6.6553,7985,0.0835,2985.1,20.30,0.00,0.00,0.60,2.8,5.79,0,0.00,0.0534,4,0.121290387,0.104947508,0.34,1,0,0,0,0,1,0,0,0,0.2930,1.3945,0,1.18,92.9,0.01,91290,253511,0.1964,247042,,,,,,,,,,
25180,"Hagerstown-Martinsburg, MD-WV",0.0962,0.099296129,0.093118445,6.8259,8335,0.0471,2726.0,21.03,0.00,0.00,0.60,1.86,5.40,0,0.00,0.0455,1,0.088669376,0.079262453,0.33,2,0,0,1,0,0,0,0,0,0.2646,2.4734,0,0.00,89.4,0.02,88445,271488,0.2566,223429,,,,,,,,,,
25260,"Hanford-Corcoran, CA",0.1015,0.107526882,0.095550693,2.6635,3731,0.037,2223.1,12.69,0.00,0.00,0.40,1.79,1.73,0,0.00,0.2747,2,0.100320018,0.091707899,0.39,4,0,0,0,0,0,0,0,1,0.2826,1.6503,0,0.00,91.8,0.01,90598,153765,0.0734,129835,,,,,,,,,,
25420,"Harrisburg-Carlisle, PA",0.0944,0.096128307,0.09258877,6.2550,20314,0.0353,7208.9,33.27,0.00,218.60,0.80,3.655,22.67,2,0.00,0.0604,1,0.066790689,0.080545845,0.29,3,0,1,0,0,0,0,0,0,0.2576,2.8086,0,1.08,93.9,0.01,99903,552911,0.3963,509451,,,,,,,,,,
25500,"Harrisonburg, VA",0.0964,0.097087379,0.095623987,5.8541,3549,0.0552,3550.3,27.80,0.00,1.74,0.70,1.37,5.53,4,0.00,0.1054,2,0.104584683,0.089215111,0.33,0,0,0,1,0,0,0,0,0,0.2775,1.0000,0,0.34,93.8,0.01,82948,126562,0.2290,108414,,,,,,,,,,
25540,"Hartford-West Hartford-East Hartford, CT",0.0986,0.100615729,0.096599217,6.2663,56930,0.0157,12326.0,38.93,1.00,110.07,1.30,4.8725,43.99,7,53.28,0.1573,4,0.057889079,0.071454118,0.37,3,1,0,0,0,0,0,0,0,0.2595,3.9672,19237,10.51,94.4,0.03,131974,1213255,0.3253,1150872,,,,,,,,,,
25620,"Hattiesburg, MS",0.1123,0.117286317,0.107377366,3.9651,3946,0.0686,2139.2,31.40,0.00,28.55,0.40,1.25,4.81,0,0.00,0.0270,1,0.102501648,0.107834351,0.33,0,0,0,0,0,1,0,0,0,0.2978,1.0000,0,2.96,95.9,0.00,78132,145428,0.2900,124342,,,,,,,,,,
25860,"Hickory-Lenoir-Morganton, NC",0.0927,0.091688089,0.093618513,2.6770,10065,0.0219,2024.7,15.31,0.00,0.00,0.40,1.17,15.27,2,0.00,0.0587,2,0.05014263,0.081211493,0.27,0,0,0,1,0,0,0,0,0,0.2558,1.5486,0,0.00,92.5,0.00,77750,364567,0.1080,343247,,,,,,,,,,
25980,"Hinesville-Fort Stewart, GA",0.1115,0.123439667,0.099579243,2.8883,1793,0.0291,1083.3,17.54,0.00,0.00,0.60,1.58,2.48,0,0.00,0.0848,1,0.225113231,0.10576817,0.36,2,0,0,1,0,0,0,0,0,0.3047,1.0000,0,0.00,89.1,0.00,70217,80587,0.2473,72181,,,,,,,,,,
26100,"Holland-Grand Haven, MI",0.0995,0.100370128,0.098551361,3.3435,8209,0.0235,1786.2,36.90,0.00,1.20,1.00,3.34,49.32,0,0.27,0.0686,2,0.080061509,0.081212833,0.29,5,0,0,0,1,0,0,0,0,0.2663,1.7510,0,2.94,95.6,0.01,95783,266300,0.2149,239559,,,,,,,,,,
26180,"Honolulu, HI",0.1026,0.103703704,0.101483415,10.8176,40120,0.0309,24061.0,33.87,1.00,93.14,0.70,3.4775,6.33,3,86.60,0.2545,4,0.097431402,0.083179997,0.44,0,0,0,0,0,0,0,0,1,0.2697,1.9340,28445,10.14,92.2,0.08,140395,963607,0.2509,876629,,,,,,,,,,
26300,"Hot Springs, AR",0.1094,0.109065808,0.109756098,2.3440,3072,0.0228,1717.7,19.89,0.00,0.00,0.60,1.19,5.83,0,0.00,0.0465,1,0.086333153,0.100833735,0.30,0,0,0,0,0,0,1,0,0,0.2941,2.0296,0,0.00,94.2,0.00,82498,97124,0.1631,88311,,,,,,,,,,
26380,"Houma-Bayou Cane-Thibodaux, LA",0.1044,0.113378099,0.095389507,3.3179,7569,0.019,2323.4,17.11,0.00,0.00,0.40,1.36,8.15,0,0.00,0.0356,2,0.03886455,0.116399255,0.22,0,0,0,0,0,0,1,0,0,0.2787,1.0000,0,0.00,89.7,0.00,111872,208583,0.2258,194531,,,,,,,,,,
26420,"Houston-Sugar Land-Baytown, TX",0.1622,0.160715118,0.163708018,7.9748,248820,0.0968,6291.8,28.10,2.00,113.95,1.00,8.16,32.76,58,221.45,0.2926,4,0.044505578,0.09110009,0.34,0,0,0,0,0,0,1,0,0,0.3869,3.8095,2773,2.50,93.6,0.02,131516,6086538,0.2382,4740056,,,,,,,,,,
26580,"Huntington-Ashland, WV-KY-OH",0.0837,0.08346934,0.083991385,2.7618,8334,0.004,3659.7,20.65,0.00,15.61,0.40,1.9,3.36,0,0.00,0.0128,1,0.067862095,0.090789928,0.26,0,0,0,1,0,0,0,0,0,0.2323,1.6954,0,0.00,89.0,0.02,78388,287599,0.4789,288384,,,,,,,,,,
26620,"Huntsville, AL",0.1239,0.128658278,0.119218615,16.9602,14659,0.0955,2638.7,34.27,1.00,18.13,3.50,10.1075,36.35,0,26.94,0.0629,4,0.078401981,0.087716961,0.25,1,0,0,0,0,1,0,0,0,0.3312,11.3413,18079,88.51,91.4,0.00,96104,425480,0.3678,343972,,,,,,,,,,
26820,"Idaho Falls, ID",0.1208,0.12109905,0.120415225,10.9757,3999,0.1164,2774.0,23.36,0.00,0.00,0.90,2.79,39.37,0,30.57,0.0712,2,0.080412809,0.094325716,0.29,0,0,0,0,0,0,0,1,0,0.3306,5.5429,0,8.21,93.9,0.03,99094,132073,0.1540,102161,,,,,,,,,,
26900,"Indianapolis-Carmel, IN",0.1287,0.12825324,0.12904913,8.8826,63643,0.0547,5279.9,36.07,0.00,98.49,1.10,5.04,26.03,10,252.57,0.0727,2,0.053581328,0.092333379,0.31,1,0,0,0,1,0,0,0,0,0.3230,5.2169,0,3.78,92.4,0.01,103163,1778568,0.3238,1530782,,,,,,,,,,
26980,"Iowa City, IA",0.1083,0.110526316,0.106005907,7.2411,5723,0.0644,3204.7,53.13,1.00,1319.76,0.90,4.95,41.75,0,0.00,0.0964,1,0.14731467,0.090079185,0.32,1,0,0,0,0,0,0,0,0,0.2956,3.5824,196418,15.08,96.6,0.06,99524,154893,0.5934,132173,,,,,,,,,,
27060,"Ithaca, NY",0.1024,0.098843323,0.105864037,9.7414,3190,0.0201,1906.7,51.42,1.00,757.01,0.80,2.69,105.19,0,420.43,0.1301,1,0.182918232,0.09045231,0.36,1,0,1,0,0,0,0,0,0,0.2784,1.9831,455351,104.79,96.7,0.07,83031,101723,0.7338,96608,,,,,,,,,,
27100,"Jackson, MI",0.0811,0.083438685,0.078824031,2.4917,4499,-0.0197,2333.8,19.88,0.00,0.00,0.50,3.44,10.64,2,0.00,0.0220,2,0.073682881,0.079616067,0.32,0,0,0,0,1,0,0,0,0,0.2112,2.8780,0,4.13,90.6,0.01,80128,159748,0.4047,158679,,,,,,,,,,
27140,"Jackson, MS",0.1177,0.121341973,0.114024843,6.0382,18010,0.0225,3631.6,30.46,0.00,139.63,0.50,2.09,4.40,1,68.05,0.0279,1,0.058631733,0.095490141,0.31,0,0,0,0,0,1,0,0,0,0.2975,2.4668,0,0.09,92.7,0.00,97862,545394,0.4255,498220,,,,,,,,,,
27180,"Jackson, TN",0.1091,0.108561342,0.109589041,2.3136,3463,0.0204,2303.4,28.22,0.00,0.00,0.40,1.28,13.29,0,0.00,0.0357,2,0.074307361,0.082988194,0.33,0,0,0,0,0,1,0,0,0,0.2601,1.8666,0,0.00,95.0,0.01,85101,115396,0.3191,107597,,,,,,,,,,
27260,"Jacksonville, FL",0.1605,0.160826595,0.16023025,10.1983,49166,0.0518,3896.6,29.82,0.00,8.76,0.80,2.7225,9.68,4,14.24,0.1011,3,0.076665203,0.10040003,0.38,0,0,0,1,0,0,0,0,0,0.3941,3.7936,0,0.43,93.6,0.01,103457,1360251,0.3356,1126282,,,,,,,,,,
27340,"Jacksonville, NC",0.1132,0.119475474,0.106899903,5.1948,7188,0.1135,2657.5,17.88,0.00,0.00,0.30,1.44,1.11,0,0.00,0.0642,1,0.253214556,0.116023481,0.37,0,0,0,1,0,0,0,0,0,0.2852,1.0000,0,0.00,95.9,0.00,123523,179719,0.1876,150678,,,,,,,,,,
27500,"Janesville, WI",0.0897,0.087945413,0.091362764,2.5883,4579,0.011,2915.2,21.42,0.00,0.00,0.40,1.47,17.91,2,0.00,0.0504,2,0.062557259,0.079009885,0.34,1,0,0,0,1,0,0,0,0,0.2519,1.6246,0,0.00,96.2,0.01,81413,160092,0.1169,152464,,,,,,,,,,
27620,"Jefferson City, MO",0.0970,0.106579849,0.087351502,3.5707,4786,0.03,2341.8,26.36,0.00,285.45,0.50,3.24,2.22,1,0.00,0.0255,1,0.080954459,0.070863372,0.22,1,0,0,0,0,0,0,0,0,0.2630,2.9936,0,0.00,88.6,0.00,89504,150480,0.3619,140285,,,,,,,,,,
27740,"Johnson City, TN",0.1010,0.101575595,0.100340136,4.0258,5630,0.0366,3243.1,20.32,0.00,50.34,0.70,2.63,11.68,0,0.00,0.0295,2,0.072419304,0.093135402,0.28,3,0,0,0,0,1,0,0,0,0.2433,3.0018,0,0.33,94.2,0.00,74185,199818,0.3650,181944,,,,,,,,,,
27780,"Johnstown, PA",0.0678,0.067149943,0.068540624,3.9049,4248,-0.0102,3374.9,21.52,0.00,5.11,0.90,2,4.41,0,0.00,0.0146,1,0.053824483,0.078335662,0.24,1,0,1,0,0,0,0,0,0,0.2129,1.0000,0,0.23,98.5,0.01,78019,143728,0.3931,152107,,,,,,,,,,
27860,"Jonesboro, AR",0.1249,0.127076785,0.122743682,1.0771,3508,0.0578,2847.8,24.07,0.00,0.00,0.70,0.87,5.43,0,0.00,0.0320,2,0.093561917,0.098471725,0.28,0,0,0,0,0,0,1,0,0,0.2971,1.8141,0,1.41,87.8,0.00,81138,122829,0.2435,108136,,,,,,,,,,
27900,"Joplin, MO",0.1197,0.115046927,0.124416796,3.2164,4962,0.0424,2959.0,19.24,0.00,0.00,0.50,1.29,9.61,1,5.69,0.0448,3,0.07355866,0.094695812,0.28,0,0,0,0,1,0,0,0,0,0.2964,1.5655,0,0.00,91.3,0.00,81238,176849,0.1740,157665,,,,,,,,,,
28020,"Kalamazoo-Portage, MI",0.0894,0.090401786,0.088351897,3.5970,10192,0.0176,4410.5,32.46,0.00,17.40,0.90,3.78,22.24,1,75.34,0.0546,2,0.085170741,0.093135829,0.35,1,0,0,0,1,0,0,0,0,0.2445,4.3516,0,4.03,94.6,0.01,86684,328205,0.4187,315250,,,,,,,,,,
28100,"Kankakee-Bradley, IL",0.0833,0.089504529,0.077170418,3.3953,3336,0.0344,2156.9,21.10,0.00,0.00,0.60,1.3,9.38,0,0.00,0.0572,2,0.068535212,0.08000979,0.35,1,0,0,0,1,0,0,0,0,0.2498,1.0000,0,1.26,96.6,0.02,87619,113698,0.1828,103842,,,,,,,,,,
28140,"Kansas City, MO-KS",0.1255,0.124555562,0.126440059,11.1884,79088,0.042,4101.7,36.94,0.00,43.63,1.40,4.62,25.28,12,134.55,0.0751,3,0.07159584,0.088862935,0.30,1,0,0,0,0,0,0,0,0,0.3209,3.4846,0,0.61,94.0,0.02,109744,2052676,0.2895,1842798,,,,,,,,,,
28420,"Kennewick-Pasco-Richland, WA",0.1405,0.141479875,0.139540508,5.1215,8406,0.1407,2915.8,22.02,0.00,60.21,1.80,8.26,24.48,0,0.00,0.1781,2,0.08006131,0.09413921,0.27,0,0,0,0,0,0,0,0,1,0.3449,2.1358,0,6.16,92.1,0.01,102375,264133,0.1330,192696,,,,,,,,,,
28660,"Killeen-Temple-Fort Hood, TX",0.1405,0.14,0.141090243,4.3952,14256,0.1171,3410.0,16.42,0.00,4.10,0.70,1.83,2.51,0,0.00,0.1055,2,0.157509176,0.09480321,0.30,0,0,0,0,0,0,1,0,0,0.3344,1.2430,0,0.00,94.6,0.00,106020,411595,0.1645,332989,,,,,,,,,,
28700,"Kingsport-Bristol-Bristol, TN-VA",0.0878,0.089519651,0.086091234,3.0449,8961,0.0167,2222.6,19.91,0.00,0.00,0.80,2.51,24.53,3,0.00,0.0148,2,0.069230517,0.088070488,0.25,1,0,0,0,0,1,0,0,0,0.2379,1.6456,0,0.91,92.5,0.01,76794,309793,0.2933,298534,,,,,,,,,,
28740,"Kingston, NY",0.1128,0.113227797,0.112435654,5.4047,6332,-0.002,1756.8,29.36,0.00,0.80,0.50,1.25,44.03,0,0.00,0.0850,1,0.07172336,0.087927433,0.41,3,0,1,0,0,0,0,0,0,0.3046,1.5481,0,0.42,93.3,0.02,95843,182448,0.3244,177810,,,,,,,,,,
28940,"Knoxville, TN",0.1094,0.107238838,0.111550981,7.1746,22762,0.048,3523.1,34.41,1.00,16.57,0.70,3.1275,24.13,5,44.04,0.0444,2,0.063153049,0.088778278,0.29,0,0,0,0,0,1,0,0,0,0.2834,5.6842,35507,9.05,93.4,0.00,88031,704500,0.3765,617556,,,,,,,,,,
29020,"Kokomo, IN",0.0835,0.081272085,0.085748078,6.2324,2930,-0.0162,2535.0,21.02,0.00,0.00,0.60,0.81,53.76,0,0.00,0.0229,2,0.054054329,0.087013399,0.26,0,0,0,0,1,0,0,0,0,0.2195,1.0000,0,2.02,93.8,0.00,80713,98588,0.2596,101522,,,,,,,,,,
29100,"La Crosse, WI-MN",0.0843,0.082370481,0.08619403,2.1272,4613,0.0288,3539.2,31.99,0.00,2.36,0.40,1.88,13.63,0,0.00,0.0346,2,0.091619259,0.075710501,0.30,0,0,0,0,1,0,0,0,0,0.2357,2.4871,0,0.00,97.1,0.02,93133,134488,0.2493,127021,,,,,,,,,,
29140,"Lafayette, IN",0.0953,0.096196868,0.09444266,6.9377,5731,0.0514,9386.3,36.31,1.00,244.37,0.60,1.95,50.26,0,213.68,0.1067,2,0.129621554,0.079829636,0.34,0,0,0,0,1,0,0,0,0,0.2602,1.0000,245170,25.89,97.1,0.03,78839,203608,0.5167,178921,,,,,,,,,,
29180,"Lafayette, LA",0.1217,0.125546807,0.117947223,9.1044,10561,0.0534,2715.8,29.87,0.00,4.14,0.80,2.52,16.35,0,0.00,0.0431,1,0.074216375,0.11480374,0.27,0,0,0,0,0,0,1,0,0,0.3144,4.6061,0,0.08,95.4,0.01,109325,277307,0.2853,239099,,,,,,,,,,
29340,"Lake Charles, LA",0.1001,0.104525547,0.095719382,4.9146,6326,0.0363,2782.4,21.43,0.00,0.00,0.60,2.18,2.99,0,0.00,0.0263,2,0.068182402,0.11291057,0.25,0,0,0,0,0,0,1,0,0,0.2571,1.0000,0,0.00,89.9,0.00,91655,200822,0.4066,193491,,,,,,,,,,
29420,"Lake Havasu City-Kingman, AZ",0.1285,0.133310007,0.123603604,3.0435,4706,0.0275,1312.9,10.20,0.00,0.00,0.70,1.36,4.12,0,0.00,0.0814,1,0.139948574,0.112182961,0.35,0,0,0,0,0,0,0,1,0,0.3485,1.4942,0,0.00,87.0,0.00,63260,202351,0.0988,156215,,,,,,,,,,
29460,"Lakeland-Winter Haven, FL",0.1445,0.142927068,0.146043875,3.7610,17451,0.0609,3382.2,19.47,0.00,0.00,0.40,1.68,3.94,1,24.27,0.1293,1,0.079796011,0.097030482,0.36,2,0,0,1,0,0,0,0,0,0.3542,1.0000,0,0.24,88.3,0.01,84533,609492,0.1651,485515,,,,,,,,,,
29540,"Lancaster, PA",0.0936,0.093057607,0.094138731,4.4228,17282,0.0387,4261.6,27.64,0.00,0.49,0.50,1.79,21.65,1,20.76,0.0514,2,0.044202182,0.080888802,0.33,3,0,1,0,0,0,0,0,0,0.2688,1.7640,0,10.81,88.2,0.01,98429,523594,0.2309,471955,,,,,,,,,,
29620,"Lansing-East Lansing, MI",0.0988,0.100110619,0.097523436,3.1819,14465,0.0015,4999.8,37.46,1.00,299.33,0.50,3.36,16.55,2,21.74,0.0695,2,0.086518444,0.08694703,0.34,0,0,0,0,1,0,0,0,0,0.2559,2.5049,84524,8.44,95.4,0.02,86027,465138,0.4763,448735,,,,,,,,,,
29700,"Laredo, TX",0.1307,0.121106337,0.140369393,2.1632,5676,0.0969,8375.3,24.23,0.00,2.00,0.20,0.91,0.39,0,0.00,0.4441,1,0.027838783,0.089036145,0.40,0,0,0,0,0,0,1,0,0,0.3488,2.1696,0,0.00,95.9,0.02,92398,256496,0.1388,194576,,,,,,,,,,
29740,"Las Cruces, NM",0.1160,0.118335053,0.113753878,6.2775,5778,0.0866,4197.8,29.94,0.00,43.02,0.80,3.6,7.33,0,0.00,0.2457,1,0.092945356,0.12378603,0.35,0,0,0,0,0,0,0,1,0,0.3106,1.4682,0,0.31,94.0,0.00,83422,213598,0.1125,175098,,,,,,,,,,
29820,"Las Vegas-Paradise, NV",0.2016,0.201304859,0.201942991,9.9136,63895,0.0832,7868.1,21.92,0.00,6.87,0.50,1.725,10.15,7,18.53,0.2841,4,0.087441598,0.098866541,0.44,0,0,0,0,0,0,0,1,0,0.4695,3.0812,0,0.78,87.9,0.04,99369,1969975,0.1924,1393909,,,,,,,,,,
29940,"Lawrence, KS",0.1108,0.110062893,0.111519045,9.6224,3534,0.0377,2722.6,56.50,1.00,379.57,0.50,2.16,20.20,0,9.44,0.0770,1,0.148185989,0.094199456,0.38,2,0,0,0,0,0,0,0,0,0.2735,1.0000,204484,13.30,94.5,0.02,84976,112211,0.6031,100247,,,,,,,,,,
30020,"Lawton, OK",0.1042,0.108169014,0.100226501,3.0820,4111,0.0751,2825.9,17.15,0.00,0.00,0.50,1.97,2.12,0,0.00,0.0817,1,0.22239927,0.125240684,0.28,0,0,0,0,0,0,1,0,0,0.2767,1.0000,0,0.00,82.7,0.01,95383,125815,0.2149,115082,,,,,,,,,,
30140,"Lebanon, PA",0.0880,0.088735632,0.087198516,2.2520,4436,0.0423,4398.3,22.92,0.00,0.00,0.70,1.73,8.19,0,0.00,0.0417,2,0.057459593,0.082005137,0.29,4,0,1,0,0,0,0,0,0,0.2477,1.7445,0,0.00,95.4,0.01,93603,134311,0.2867,120309,,,,,,,,,,
30300,"Lewiston, ID-WA",0.0898,0.092354277,0.087326121,1.0732,1970,0.023,2744.8,19.45,0.00,7.58,0.50,0.93,2.17,0,0.00,0.0204,2,0.09953758,0.083929395,0.28,0,0,0,0,0,0,0,1,0,0.2351,1.0000,0,0.00,93.9,0.02,85531,61476,0.2718,57944,,,,,,,,,,
30340,"Lewiston-Auburn, ME",0.0950,0.09360519,0.096487119,5.6467,3471,-0.0024,2058.0,17.72,0.00,1.95,0.30,1.13,5.59,0,0.00,0.0338,2,0.073946342,0.077064834,0.36,1,1,0,0,0,0,0,0,0,0.2616,1.9311,0,0.00,94.5,0.00,87179,107398,0.2191,103852,,,,,,,,,,
30460,"Lexington-Fayette, KY",0.1209,0.119087743,0.122697294,14.2631,15857,0.0626,5299.0,38.00,1.00,236.94,1.10,3.03,39.92,2,0.23,0.0776,2,0.089369332,0.093119837,0.31,0,0,0,0,0,1,0,0,0,0.3034,2.0433,75045,13.33,91.6,0.01,90420,479244,0.3909,409924,,,,,,,,,,
30620,"Lima, OH",0.0700,0.067919075,0.072159922,2.5798,2927,-0.0045,3300.4,14.99,0.00,0.00,0.50,1.39,2.83,1,0.00,0.0202,2,0.067468865,0.081386382,0.29,0,0,0,0,1,0,0,0,0,0.1795,1.0000,0,0.00,94.1,0.00,78212,106094,0.2731,108589,,,,,,,,,,
30700,"Lincoln, NE",0.1122,0.110900174,0.113525429,7.2380,10804,0.0485,6381.6,40.01,1.00,150.81,0.90,3.29,17.29,1,6.65,0.0771,1,0.093323518,0.07691138,0.29,0,0,0,0,0,0,0,0,0,0.2910,2.9576,80827,4.47,96.2,0.01,96868,306503,0.3383,268042,,,,,,,,,,
30780,"Little Rock-North Little Rock-Conway, AR",0.1232,0.121153248,0.125212552,9.379802,25049,0.0613,2825.1,29.42,0,147.80,1,2.74,6.667596374,3,6.15,0.048049242,1,0.067566941,0.089878917,0.29,0,0,0,0,0,0,1,0,0,0.3071,2.1269,0,0.902161945,92.3,0.01,98594,709901,0.303820936,612313,,,,,,,,,,
30860,"Logan, UT-ID",0.1369,0.1392261,0.134615385,9.2763,3174,0.113,4504.5,35.3,0.00,53.98,1.1000,3.3500,48.87,0,0.00,0.0913,2,0.136215334,0.103069234,0.32,0,0,0,0,0,0,0,1,0,0.3668,7.2721,0,6.02,96.1,0.03,88986,127549,0.2734,103211,,,,,,,,,,
30980,"Longview, TX",0.1088,0.106622828,0.111006806,2.9838,7162,0.0445,2342.6,18.5,0.00,0.00,0.6000,1.6300,7.85,0,0.00,0.0858,2,0.08955805,0.099417123,0.25,0,0,0,0,0,0,1,0,0,0.2810,1.0000,0,0.00,94.4,0.00,97552,216666,0.1036,194113,,,,,,,,,,
31020,"Longview, WA",0.1082,0.105176211,0.111236589,2.8174,2984,0.0333,4347.8,15.7,0.00,0.00,0.6000,1.6600,9.76,0,0.00,0.0522,2,0.075107964,0.080550979,0.38,0,0,0,0,0,0,0,0,1,0.2868,1.0000,0,0.22,91.5,0.00,83161,102478,0.1511,92984,,,,,,,,,,
31100,"Los Angeles-Long Beach-Santa Ana, CA",0.1529,0.15199661,0.153758124,6.6451,519311,0.0137,31022.8,31.3,4.00,97.59,1.6000,6.2000,36.08,49,416.91,0.4646,6,0.033159505,0.083469811,0.50,7,0,0,0,0,0,0,0,1,0.3801,4.8317,15993,12.51,94.4,0.06,135953,12944801,0.2445,12392704,,,,,,,,,,
31140,"Louisville/Jefferson County, KY-IN",0.1124,0.110905905,0.113863287,8.4888,44050,0.042,6173.5,29.8,1.00,53.46,0.6000,2.3250,10.58,4,21.49,0.0531,2,0.053749857,0.090108409,0.30,0,0,0,0,0,1,0,0,0,0.2900,5.0931,12763,5.89,93.2,0.03,94713,1294849,0.3009,1166888,,,,,,,,,,
31180,"Lubbock, TX",0.1188,0.113577506,0.123994148,4.3067,9054,0.0673,5056.2,28.29,0.00,41.51,0.80,1.78,5.29,0,126.68,0.071642612,1,0.104702277,0.101922087,0.32,0,0,0,0,0,0,1,0,0,0.2940,1.0000,0,3.15,93.1,0.01,90467,290002,0.31491067,250162,,,,,,,,,,
31340,"Lynchburg, VA",0.0936,0.097867804,0.089398907,4.5289,7491,0.0403,1522.9,27.65,0.00,0.00,0.60,2.28,9.84,0,0.00,0.029349404,2,0.068052445,0.093797728,0.29,0,0,0,1,0,0,0,0,0,0.2818,1.3934,0,2.00,97.2,0.01,81236,254171,0.422059422,228855,,,,,,,,,,
31420,"Macon, GA",0.1102,0.108321024,0.112079701,2.5272,7399,0.0119,2673.8,22.79,0.00,8.78,0.60,1.61,5.01,0,0.00,0.037272535,2,0.065727658,0.094405415,0.37,1,0,0,1,0,0,0,0,0,0.2863,1.8587,0,0.00,90.4,0.01,91452,232920,0.369884854,222407,,,,,,,,,,
31460,"Madera-Chowchilla, CA",0.1250,0.131055901,0.118867925,1.5266,3532,0.0546,5356.0,12.18,0.00,0.00,0.50,1.88,4.36,0,0.00,0.277916761,1,0.070549874,0.096458608,0.44,2,0,0,0,0,0,0,0,1,0.3221,1.0000,0,0.00,91.0,0.00,87085,152925,0.064881927,123587,,,,,,,,,,
31540,"Madison, WI",0.1095,0.109941213,0.108998954,8.9080,23306,0.0466,9224.4,46.44,1.00,621.84,1.20,7.58,63.37,4,287.36,0.079471346,2,0.085244802,0.075312257,0.36,0,0,0,0,1,0,0,0,0,0.2833,3.0816,165782,47.81,97.6,0.04,108137,576467,0.483517221,503715,,,,,,,,,,
31700,"Manchester-Nashua, NH",0.1083,0.106470802,0.110052522,13.2356,16831,0.007,5482.1,36.39,0.00,0.13,2.00,2.51,76.01,1,253.38,0.102951091,2,0.076035297,0.079420854,0.39,3,1,0,0,0,0,0,0,0,0.2741,6.9747,0,14.35,96.1,0.01,120513,401696,0.369398868,382162,,,,,,,,,,
31740,"Manhattan, KS",0.0924,0.089655172,0.095128676,4.1302,4898,0.1238,4499.6,38.74,0.00,84.13,0.70,3.06,13.82,0,0.00,0.087567551,1,0.204744475,0.094073997,0.32,0,0,0,0,0,0,0,0,0,0.2648,4.0713,0,11.68,95.6,0.00,109329,130240,0.451037062,109384,,,,,,,,,,
31860,"Mankato-North Mankato, MN",0.0942,0.100956938,0.087517934,2.6733,3036,0.0423,3653.6,39.22,0.00,0.00,0.70,2.27,21.26,0,0.00,0.035048523,2,0.109379695,0.099013087,0.31,0,0,0,0,0,0,0,0,0,0.2480,1.0000,0,0.00,99.5,0.01,87817,97204,0.365039841,85892,,,,,,,,,,
31900,"Mansfield, OH",0.0727,0.064618165,0.080831409,3.3359,3356,-0.0238,2226.4,13.91,0.00,0.00,0.80,1.22,5.40,0,0.00,0.021975853,2,0.067479444,0.086413633,0.27,0,0,0,0,1,0,0,0,0,0.1955,1.0000,0,0.00,95.2,0.01,74730,123510,0.265715795,128853,,,,,,,,,,
32580,"McAllen-Edinburg-Mission, TX",0.1747,0.171669561,0.177715945,1.7436,15423,0.1218,3121.2,17.66,0.00,0.64,0.30,0.91,0.46,0,0.00,0.44695315,3,0.034502134,0.099209861,0.34,1,0,0,0,0,0,1,0,0,0.4084,1.0000,0,0.00,92.0,0.00,77838,797810,0.107398328,573216,,,,,,,,,,
32780,"Medford, OR",0.1185,0.118848858,0.11818588,6.3041,6403,0.0335,2934.3,20.89,0.00,2.20,0.50,2.13,8.30,1,199.06,0.067459283,2,0.084550234,0.094783884,0.44,0,0,0,0,0,0,0,0,1,0.3211,1.0000,0,2.71,91.1,0.01,85491,204822,0.191182616,181775,,,,,,,,,,
32820,"Memphis, TN-MS-AR",0.1157,0.113330685,0.117980747,3.4468,46031,0.027,3603.4,27.07,0.00,88.61,0.50,2.3125,19.69,6,11.85,0.062296004,3,0.060452012,0.09009174,0.37,0,0,0,0,0,1,0,0,0,0.2929,2.9614,0,0.56,93.8,0.02,103911,1325605,0.306195841,1208223,,,,,,,,,,
32900,"Merced, CA",0.1058,0.103274559,0.108304795,1.0570,6442,0.0465,4470.7,11.07,0.00,8.45,0.30,1.52,1.54,1,0.00,0.375208044,2,0.05806972,0.091825549,0.43,1,0,0,0,0,0,0,0,1,0.2810,1.0000,0,0.13,93.2,0.00,93572,259898,0.073685754,212258,,,,,,,,,,
33100,"Miami-Fort Lauderdale-Pompano Beach, FL",0.1999,0.195203221,0.204566139,9.5242,214721,0.0273,9946.5,29.70,1.00,36.81,0.60,2.895,16.57,3,79.71,0.480716442,2,0.043666544,0.095352443,0.50,0,0,0,1,0,0,0,0,0,0.4496,4.7213,4375,1.61,92.2,0.04,112712,5670125,0.242204579,5025895,,,,,,,,,,
33140,"Michigan City-La Porte, IN",0.0771,0.080547112,0.07359753,2.7898,3112,0.0168,3411.3,19.97,0.00,0.00,0.50,1.38,4.19,0,0.00,0.036281949,2,0.082895856,0.084246189,0.29,4,0,0,0,1,0,0,0,0,0.2164,1.0000,0,0.00,92.7,0.01,79426,111374,0.127429806,110121,,,,,,,,,,
33260,"Midland, TX",0.1358,0.138994051,0.132680085,5.4154,7180,0.0887,2650.2,21.36,0.00,0.00,0.90,5.09,13.54,0,0.00,0.123974117,1,0.081897186,0.108449428,0.25,1,0,0,0,0,0,1,0,0,0.3333,3.1382,0,0.00,90.6,0.00,154641,140308,0.115779645,115560,,,,,,,,,,
33340,"Milwaukee-Waukesha-West Allis, WI",0.1005,0.101790152,0.099211443,5.6157,61610,0.0217,15143.6,36.22,0.00,84.72,0.90,4.025,34.50,13,11.41,0.085634922,2,0.045678367,0.078570038,0.37,1,0,0,0,1,0,0,0,0,0.2634,3.6885,0,3.08,95.5,0.04,109885,1562216,0.293495499,1502420,,,,,,,,,,
33460,"Minneapolis-St. Paul-Bloomington, MN-WI",0.1250,0.124967342,0.125044998,9.8983,143531,0.0379,12789.5,42.82,1.00,118.70,1.20,7.32,80.07,32,213.51,0.111237069,3,0.048993342,0.092702906,0.34,0,0,0,0,0,0,0,0,0,0.3169,5.3092,21329,9.50,96.2,0.05,124330,3318486,0.340829941,2981183,,,,,,,,,,
33540,"Missoula, MT",0.1157,0.11614056,0.11518797,16.7322,3533,0.0486,3683.1,42.51,0.00,96.25,0.60,3.89,7.26,0,13.71,0.030997114,2,0.131140322,0.101574437,0.39,0,0,0,0,0,0,0,1,0,0.3051,1.9080,0,2.60,85.5,0.02,84224,110138,0.545869466,96178,,,,,,,,,,
33660,"Mobile, AL",0.0951,0.09676453,0.093524073,4.1471,11884,0.0253,3607.2,20.41,0.00,44.06,0.70,2.53,4.04,0,0.00,0.039513201,2,0.055720231,0.095983853,0.33,0,0,0,0,0,1,0,0,0,0.2490,2.9390,0,0.00,92.2,0.00,84016,412577,0.254774059,400073,,,,,,,,,,
33700,"Modesto, CA",0.1145,0.11935777,0.109711125,2.1053,14504,0.0213,5273.4,15.73,0.00,0.28,0.40,1.37,6.17,2,0.00,0.281427498,2,0.055451262,0.087077584,0.47,1,0,0,0,0,0,0,0,1,0.3063,1.7714,0,0.00,94.2,0.01,97761,518522,0.110370731,449471,,,,,,,,,,
33740,"Monroe, LA",0.1085,0.107772878,0.109151047,4.8123,5477,0.0152,2061.3,26.15,0.00,1.12,0.60,1.41,3.38,1,0.00,0.021918542,2,0.060627318,0.115448324,0.30,0,0,0,0,0,0,1,0,0,0.2785,1.5629,0,0.00,91.4,0.01,88468,177651,0.284433578,170033,,,,,,,,,,
33780,"Monroe, MI",0.0912,0.095464135,0.086980011,1.9897,4734,-0.0097,1968.4,19.86,0.00,0.00,0.40,2.56,27.93,0,0.00,0.02393394,2,0.066698437,0.084719293,0.32,4,0,0,0,1,0,0,0,0,0.2548,1.6598,0,0.00,92.8,0.00,91699,151560,0.320977597,146364,,,,,,,,,,
33860,"Montgomery, AL",0.0934,0.091681109,0.095154185,5.5037,12128,0.0252,3616.2,27.02,0.00,103.18,0.90,2.77,2.38,1,0.00,0.039796555,2,0.081421257,0.081855756,0.33,0,0,0,0,0,1,0,0,0,0.2500,2.8489,0,0.00,96.3,0.01,92073,378608,0.318521595,347080,,,,,,,,,,
34060,"Morgantown, WV",0.1069,0.105116279,0.108584687,5.5753,4083,0.0692,2972.1,33.32,0.00,208.03,0.40,3.85,17.64,0,0.00,0.043588266,2,0.135191398,0.084452926,0.24,0,0,0,1,0,0,0,0,0,0.2734,4.0246,0,1.51,92.6,0.01,81102,132251,0.738218391,111338,,,,,,,,,,
34100,"Morristown, TN",0.0941,0.092112838,0.095995289,2.1365,3465,0.0372,1901.2,16.61,0.00,0.00,0.50,1.39,8.24,0,0.00,0.04463791,2,0.06833342,0.083214134,0.27,0,0,0,0,0,1,0,0,0,0.2364,2.4546,0,0.17,96.5,0.00,71871,137494,0.121269993,123449,,,,,,,,,,
34580,"Mount Vernon-Anacortes, WA",0.1024,0.103971119,0.100859171,4.3429,4060,0.0397,1616.8,18.89,0.00,0.00,0.40,2.92,8.75,0,0.00,0.116546401,2,0.07659148,0.091786138,0.39,1,0,0,0,0,0,0,0,1,0.3069,1.0000,0,0.28,91.3,0.01,98851,118109,0.162054485,103420,,,,,,,,,,
34620,"Muncie, IN",0.0768,0.074855034,0.07873594,2.6018,3184,0.003,4526.0,21.87,0.00,3.14,0.70,1.48,4.25,0,0.00,0.022532749,1,0.133138568,0.088392765,0.31,1,0,0,0,1,0,0,0,0,0.2011,1.0000,0,0.00,89.8,0.02,72921,117660,0.514392991,118776,,,,,,,,,,
34740,"Muskegon-Norton Shores, MI",0.0910,0.092995647,0.089101034,1.8877,4591,-0.0094,3527.9,15.49,0.00,0.48,0.40,1.65,7.98,0,0.00,0.023424138,2,0.065368453,0.086496304,0.34,2,0,0,0,1,0,0,0,0,0.2418,1.0000,0,0.00,94.2,0.00,77333,171302,0.254798645,170396,,,,,,,,,,
34820,"Myrtle Beach-North Myrtle Beach-Conway, SC",0.1431,0.142347545,0.143906277,4.8153,7080,0.1175,1567.0,21.52,0.00,0.00,0.50,0.69,5.67,0,0.00,0.076711179,1,0.09860517,0.11369805,0.37,0,0,0,1,0,0,0,0,0,0.3590,1.7237,0,0.00,90.1,0.00,69097,276340,0.177633379,198019,,,,,,,,,,
34900,"Napa, CA",0.1061,0.110705596,0.101579436,4.3660,6298,0.0411,5243.4,29.29,0.00,0.00,0.50,1.77,21.73,0,116.19,0.281093056,2,0.05599105,0.088166332,0.43,6,0,0,0,0,0,0,0,1,0.3094,1.0000,0,3.38,96.7,0.01,140207,138088,0.182492922,124565,,,,,,,,,,
34940,"Naples-Marco Island, FL",0.1659,0.166288233,0.165543665,8.2111,17409,0.0324,2852.1,19.42,0.00,0.00,0.50,1.07,14.83,0,3.10,0.26193354,1,0.077034266,0.108155641,0.42,0,0,0,1,0,0,0,0,0,0.4000,1.9143,0,0.15,92.1,0.02,143476,328134,0.179610017,254015,,,,,,,,,,
34980,"Nashville-Davidson--Murfreesboro--Franklin, TN",0.1382,0.135988436,0.14031522,7.8334,59687,0.0794,4933.5,35.94,1.00,273.65,0.70,3.06,11.09,15,60.56,0.086307995,1,0.068537526,0.08821117,0.33,0,0,0,0,0,1,0,0,0,0.3412,5.8852,27894,3.15,94.8,0.01,105960,1617142,0.272914646,1317766,,,,,,,,,,
35300,"New Haven-Milford, CT",0.0980,0.098434598,0.097595474,5.6831,36815,0.0144,9973.1,38.28,1.00,503.32,1.40,3.09,44.98,3,230.05,0.14473905,2,0.060583787,0.075683044,0.44,6,1,0,0,0,0,0,0,0,0.2554,2.7419,56922,11.69,95.7,0.04,121575,861113,0.336772606,824911,,,,,,,,,,
35380,"New Orleans-Metairie-Kenner, LA",0.1211,0.122795679,0.119337577,10.7517,46274,0.1526,10426.2,29.79,1.00,119.93,0.70,2.715,7.92,2,25.31,0.089620906,3,0.067606327,0.120719748,0.37,0,0,0,0,0,0,1,0,0,0.3012,3.4347,14117,2.12,92.1,0.03,111377,1191089,0.23910493,1318079,,,,,,,,,,
35620,"New York-Northern New Jersey-Long Island, NY-NJ-PA",0.1597,0.157710014,0.16171196,6.781185,945052,0.0205,80951.1,42.04,7,128.22,0.9,5.16,30.2203244,140,463.27,0.367415461,6,0.034207615,0.084402562,0.46,5,0,1,0,0,0,0,0,0,0.3738,4.2815,10006,5.356066856,94.3,0.55,151279,19015900,0.305255329,18356204,,,,,,,,,,
35660,"Niles-Benton Harbor, MI",0.0880,0.089098886,0.086881868,1.960493,5042,-0.0047,1349.9,27.24,0,3.39,0.6,2.41,48.85062964,1,0.00,0.071661878,2,0.062142857,0.097323873,0.31,5,0,0,0,1,0,0,0,0,0.2439,1.0000,0,4.867827188,92.0,0.00,88963,156941,0.447956119,162471,,,,,,,,,,
35840,"North Port-Bradenton-Sarasota, FL",0.1629,0.159753171,0.165964674,9.019113,29783,0.0268,1662.8,24.86,0,1.62,0.7,1.5,16.72881232,0,44.78,0.13676817,1,0.081964935,0.108708825,0.40,2,0,0,1,0,0,0,0,0,0.3929,3.5375,0,0.046983527,95.1,0.01,105996,709355,0.248242693,592809,,,,,,,,,,
35980,"Norwich-New London, CT",0.1003,0.101809955,0.098827856,6.203049,11467,0.0118,2542.3,33.12,0,3.78,1.3,5.5625,32.17526746,0,0.88,0.104035363,2,0.105001561,0.07108894,0.36,2,1,0,0,0,0,0,0,0,0.2630,1.3656,0,27.08978466,93.2,0.02,117031,273502,0.322587258,259848,,,,,,,,,,
36100,"Ocala, FL",0.1439,0.142884179,0.144824947,4.2339245,9423,0.0477,2081.0,16.72,0,0.00,0.7,1.12,6.114754904,0,0.00,0.099990974,1,0.0798193,0.101745294,0.37,0,0,0,1,0,0,0,0,0,0.3727,2.5036,0,0,92.9,0.00,75706,332529,0.173607977,260221,,,,,,,,,,
36140,"Ocean City, NJ",0.1071,0.104337152,0.109954186,3.2818425,4239,-0.0146,1680.0,29.07,0,0.00,0.3,0.72,3.450619904,0,0.00,0.052890027,1,0.08133775,0.130067972,0.42,4,0,1,0,0,0,0,0,0,0.2612,1.0000,0,0,99.3,0.01,116021,96601,0.288906624,102314,,,,,,,,,,
36220,"Odessa, TX",0.0982,0.095400988,0.101017716,2.9787195,4715,0.076,4059.2,11.85,0,0.00,0.4,1.54,9.754171098,0,0.00,0.18926067,2,0.075832199,0.112544709,0.23,1,0,0,0,0,0,1,0,0,0.2540,1.0000,0,0,84.8,0.01,106098,140111,0.081410256,120694,,,,,,,,,,
36260,"Ogden-Clearfield, UT",0.1514,0.152603232,0.150239808,9.59102,16706,0.0995,4641.3,27.94,0,0.00,0.9,3.01,21.52603391,0,79.98,0.08156921,2,0.067207944,0.10234109,0.29,1,0,0,0,0,0,0,1,0,0.3878,4.4178,0,1.131583429,93.5,0.02,105467,555916,0.18551545,445024,,,,,,,,,,
36420,"Oklahoma City, OK",0.1363,0.137392374,0.135295562,7.9286375,44852,0.0638,3862.2,28.41,1,91.29,0.7,4.245,9.050224573,8,20.27,0.094551155,1,0.0699764,0.101348321,0.30,0,0,0,0,0,0,1,0,0,0.3399,4.2080,9928,4.346386261,91.6,0.00,99703,1278053,0.233639112,1098132,,,,,,,,,,
36500,"Olympia, WA",0.1254,0.123446207,0.127371865,6.0601045,9567,0.0873,3132.6,29.42,0,226.27,0.5,5.13,11.82166691,1,0.00,0.094087308,1,0.101152559,0.077305169,0.36,1,0,0,0,0,0,0,0,1,0.3409,1.0000,0,7.648589909,93.7,0.02,104468,256591,0.30218281,208287,,,,,,,,,,
36540,"Omaha-Council Bluffs, NE-IA",0.1208,0.121341006,0.120297435,9.9086355,34726,0.0523,6179.0,35.8,0,99.02,0.9,3.3375,11.02104259,12,0.35,0.07886488,2,0.068984219,0.085902458,0.30,0,0,0,0,0,0,0,0,0,0.3087,3.7363,0,3.549395933,94.5,0.02,114251,877110,0.243665915,769291,,,,,,,,,,
36740,"Orlando-Kissimmee-Sanford, FL",0.1806,0.178377515,0.182887106,10.3702335,67495,0.0592,3570.9,28.98,1,7.02,1,3.31,13.401739,3,92.49,0.210373189,3,0.073620754,0.097983716,0.45,4,0,0,1,0,0,0,0,0,0.4241,4.0396,6875,4.904796998,92.3,0.02,92652,2171360,0.255881363,1656890,,,,,,,,,,
36780,"Oshkosh-Neenah, WI",0.0798,0.080690627,0.078873239,2.8964445,5519,0.0268,3222.3,26.12,0,0.00,0.7,2.66,72.35185262,1,0.00,0.038415668,2,0.078482546,0.065687745,0.29,2,0,0,0,1,0,0,0,0,0.2261,1.0000,0,0.297803406,91.5,0.01,88163,167699,0.31162465,157103,,,,,,,,,,
36980,"Owensboro, KY",0.0900,0.089181287,0.09086444,4.426369,3576,0.0241,3169.7,17.66,0,0.00,0.4,1.12,4.624290822,0,0.00,0.020129002,2,0.05173536,0.085613411,0.24,1,0,0,0,0,1,0,0,0,0.2204,1.0000,0,0,96.5,0.00,86476,115333,0.304964539,110064,,,,,,,,,,
37100,"Oxnard-Thousand Oaks-Ventura, CA",0.1349,0.13542743,0.134423751,8.4825975,33518,0.0342,10404.9,29.27,0,0.29,1.7,4.7525,58.02879238,0,67.29,0.303684759,2,0.057954675,0.091967987,0.46,3,0,0,0,0,0,0,0,1,0.3569,3.5247,0,11.75912962,96.2,0.01,139423,831771,0.22112572,756506,,,,,,,,,,
37340,"Palm Bay-Melbourne-Titusville, FL",0.1494,0.146857564,0.151894703,10.2639325,18344,0.0162,2069.7,25.18,0,1.14,2.1,5.645,49.48801066,1,71.95,0.108260914,2,0.07634718,0.091933974,0.37,3,0,0,1,0,0,0,0,0,0.3641,2.8397,0,22.37475378,92.4,0.00,89478,543566,0.255768102,477819,,,,,,,,,,
37380,"Palm Coast, FL",0.2114,0.214869888,0.208023774,7.32686,2816,0.1385,2131.7,19.19,0,0.00,0.7,1.01,13.00799649,0,0.00,0.1615932,1,0.099778081,0.090695524,0.40,2,0,0,1,0,0,0,0,0,0.4868,1.0000,0,0,91.0,0.00,79588,97376,0.260725208,50579,,,,,,,,,,
37460,"Panama City-Lynn Haven-Panama City Beach, FL",0.1336,0.130409357,0.136701337,5.7509505,5645,0.022,2408.3,20.55,0,0.00,0.8,2.94,6.868563175,0,0.00,0.062225222,1,0.119881679,0.110971633,0.36,0,0,0,1,0,0,0,0,0,0.3152,1.5887,0,0,95.9,0.00,91245,169856,0.241446453,148393,,,,,,,,,,
37620,"Parkersburg-Marietta-Vienna, WV-OH",0.0811,0.080444295,0.081855389,2.462224,4777,-0.0021,3414.4,19.87,0,4.07,0.6,1.83,11.50502112,0,0.00,0.009140624,2,0.057677212,0.087997477,0.24,0,0,0,1,0,0,0,0,0,0.2067,1.0000,0,0,93.9,0.01,78869,162248,0.337488015,164392,,,,,,,,,,
37700,"Pascagoula, MS",0.1184,0.123706259,0.113056528,4.130538,4850,0.0535,2759.6,14.43,0,2.81,0.7,3.2,1.228576694,0,9.24,0.040239702,2,0.077038894,0.090695524,0.29,1,0,0,0,0,1,0,0,0,0.3061,1.6143,0,0,91.0,0.00,90162,162790,0.131097561,151276,,,,,,,,,,
37860,"Pensacola-Ferry Pass-Brent, FL",0.1275,0.126272603,0.128735632,5.8658065,14483,0.0149,2795.2,23.17,0,0.51,0.6,2.03,7.501908574,0,8.89,0.066897447,3,0.13271288,0.107700485,0.36,0,0,0,1,0,0,0,0,0,0.3154,3.8684,0,1.674818005,94.2,0.01,90200,453218,0.258033932,413085,,,,,,,,,,
37900,"Peoria, IL",0.0941,0.092099323,0.096048632,4.5353215,14245,0.0196,4755.3,29.78,0,2.02,0.6,4.52,53.83483158,1,2.68,0.036776613,2,0.054710053,0.078820795,0.25,0,0,0,0,1,0,0,0,0,0.2475,1.0000,0,0.140515058,94.3,0.01,104227,379556,0.484022657,366659,,,,,,,,,,
37980,"Philadelphia-Camden-Wilmington, PA-NJ-DE-MD",0.1230,0.122167008,0.123772064,8.718739,259899,0.0197,26673.4,37.74,2,166.58,1.3,6.94,32.71914568,39,261.54,0.119485774,4,0.046622149,0.08784595,0.38,4,0,1,0,0,0,0,0,0,0.3105,4.9383,14525,9.203695265,95.1,0.22,126871,5992414,0.381780788,5691968,,,,,,,,,,
38060,"Phoenix-Mesa-Glendale, AZ",0.1672,0.165994997,0.168441145,12.69758,140659,0.0753,3934.1,26.7,1,29.55,1.1,5.83,29.66447709,16,61.48,0.188328186,3,0.072574819,0.107913355,0.38,0,0,0,0,0,0,0,1,0,0.4130,4.2604,6499,3.565898365,93.2,0.02,100452,4263236,0.206125312,3273477,,,,,,,,,,
38220,"Pine Bluff, AR",0.0859,0.081081081,0.090775988,1.682085,2741,-0.0292,2439.5,18,0,0.00,0.5,2.75,1.010877037,0,0.00,0.014971378,2,0.076443883,0.079960166,0.29,0,0,0,0,0,0,1,0,0,0.2261,1.0000,0,0.505101559,93.3,0.00,79977,98924,0.249492901,107184,,,,,,,,,,
38300,"Pittsburgh, PA",0.0926,0.091646274,0.09357022,6.622933,93380,-0.0026,7381.1,37.36,2,239.90,0.9,4.83,28.63302519,18,139.57,0.036781984,2,0.042193496,0.086479302,0.28,0,0,1,0,0,0,0,0,0,0.2535,3.9240,34385,6.017082404,94.6,0.06,103266,2359746,0.541492965,2428303,,,,,,,,,,
38340,"Pittsfield, MA",0.0825,0.085696082,0.079385822,4.0973965,5160,-0.0064,1068.1,26.89,0,3.36,0.7,3.25,19.16325561,0,49.23,0.056304588,1,0.062528361,0.090695524,0.37,1,1,0,0,0,0,0,0,0,0.2347,1.0000,0,0,92.3,0.01,100894,130458,0.314062202,134769,,,,,,,,,,
38540,"Pocatello, ID",0.1068,0.110800224,0.102847182,4.3214265,2362,0.0562,2196.8,25.81,0,2.16,0.5,1.74,4.738110077,0,0.00,0.048068606,2,0.110053587,0.099811311,0.30,0,0,0,0,0,0,0,1,0,0.3026,1.0000,0,0,97.5,0.02,78279,91457,0.228177642,83212,,,,,,,,,,
38860,"Portland-South Portland-Biddeford, ME",0.1595,0.160600731,0.158410525,9.4161935,83216,0.0061,8396.1,37.62,0,35.46,0.9,2.55,25.07397793,0,0.00,0.049843389,2,0.077359908,0.083727328,0.37,2,1,0,0,0,0,0,0,0,0.2950,3.3265,0,4.120098538,95.2,0.01,105428,515807,0.338404719,320819,,,,,,,,,,
38900,"Portland-Vancouver-Hillsboro, OR-WA",0.1055,0.103599649,0.107443989,15.07132,14525,0.0617,2106.7,35.86,0,126.23,0.9,6.915,73.73506791,4,142.19,0.150012005,1,0.071510497,0.083866566,0.40,0,0,0,0,0,0,0,0,1,0.3594,4.4916,0,7.639732362,93.8,0.09,93435,2262605,0.291375106,489179,,,,,,,,,,
38940,"Port St. Lucie, FL",0.1439,0.142370466,0.14548521,7.082957,19802,0.0709,4541.2,20.59,0,11.85,0.6,1.59,25.55269386,0,263.47,0.160991379,2,0.08132943,0.094833913,0.43,1,0,0,1,0,0,0,0,0,0.3916,1.7011,0,4.527608595,95.0,0.00,102751,427874,0.180743175,1934792,,,,,,,,,,
39100,"Poughkeepsie-Newburgh-Middletown, NY",0.1310,0.130022145,0.131911847,5.321905,25250,0.0146,4257.8,32.26,0,0.25,1.1,2.49,109.8774257,0,0.06,0.151291683,1,0.061385032,0.090695524,0.43,2,0,1,0,0,0,0,0,0,0.3289,1.5945,0,2.492137423,96.3,0.05,117231,672871,0.285077103,623806,,,,,,,,,,
39140,"Prescott, AZ",0.1301,0.13172672,0.128394474,5.146658,5669,0.0346,433.7,20.44,0,0.07,0.5,1.63,6.921895844,0,0.00,0.078501635,1,0.112357524,0.107641106,0.37,0,0,0,0,0,0,0,1,0,0.3796,1.4719,0,0.313753807,94.2,0.00,69476,211888,0.202559504,168608,,,,,,,,,,
39300,"Providence-New Bedford-Fall River, RI-MA",0.1058,0.10463607,0.10690513,8.0497195,61049,-0.0041,13797.8,31.92,1,118.42,0.9,3.0625,25.30895675,9,119.88,0.159814003,2,0.053019803,0.084315412,0.41,1,1,0,0,0,0,0,0,0,0.2760,3.6246,11405,6.462706075,92.6,0.05,107253,1600224,0.18261522,1586085,,,,,,,,,,
39340,"Provo-Orem, UT",0.2123,0.214720812,0.209916939,18.082915,12274,0.1588,7757.4,32.24,0,6.67,1.6,3.24,54.85355334,1,1329.99,0.107161857,3,0.111473644,0.109011202,0.35,0,0,0,0,0,0,0,1,0,0.4854,11.7242,0,3.70864566,95.7,0.02,92234,540834,0.255073199,380079,,,,,,,,,,
39380,"Pueblo, CO",0.1024,0.101755786,0.103096985,5.0371295,4473,0.049,3955.6,22.68,0,5.68,0.4,1.91,9.343174811,0,0.00,0.045182611,2,0.074366765,0.124360176,0.36,0,0,0,0,0,0,0,1,0,0.2606,1.0000,0,5.653364062,93.3,0.01,78062,160545,0.158680118,141800,,,,,,,,,,
39460,"Punta Gorda, FL",0.1614,0.167541229,0.155336257,5.348151,5089,0.0193,1746.5,22.63,0,0.00,0.3,1.215,9.760494089,0,0.00,0.113053214,1,0.101227962,0.109932473,0.38,4,0,0,1,0,0,0,0,0,0.3782,1.6230,0,0,97.2,0.00,77134,160511,0.207909216,142266,,,,,,,,,,
39540,"Racine, WI",0.0940,0.08764816,0.100253004,5.0343405,6763,0.0082,6377.5,26.44,0,0.00,0.4,1.63,38.04396039,1,0.00,0.061593343,2,0.054020269,0.074758944,0.35,3,0,0,0,1,0,0,0,0,0.2443,1.0000,0,1.53517275,94.9,0.02,99242,195388,0.192269451,188904,,,,,,,,,,
39580,"Raleigh-Cary, NC",0.1562,0.153961716,0.158493659,16.993465,41943,0.1497,4768.4,46.61,1,82.51,1.5,7.065,98.43735004,5,304.35,0.143959597,2,0.079210698,0.090073798,0.32,2,0,0,1,0,0,0,0,0,0.3822,8.0476,32307,9.713926722,94.9,0.01,105403,1163515,0.373278081,804157,,,,,,,,,,
39660,"Rapid City, SD",0.1143,0.11775254,0.110945866,8.5900005,4682,0.0613,2863.8,21.55,0,20.61,0.5,2.51,7.011475448,0,0.00,0.022441101,1,0.104007178,0.107034744,0.30,0,0,0,0,0,0,0,0,0,0.3059,1.0000,0,2.750087643,91.1,0.01,99992,128361,0.235798499,113124,,,,,,,,,,
39740,"Reading, PA",0.0927,0.096576079,0.088738809,3.3498205,13900,0.0265,10192.5,24.97,0,1.94,0.7,1.85,12.35530963,3,0.00,0.08331161,2,0.05192043,0.081675976,0.35,3,0,1,0,0,0,0,0,0,0.2613,2.4536,0,0.617816356,94.1,0.02,99377,412778,0.191529681,374546,,,,,,,,,,
39820,"Redding, CA",0.1036,0.103044496,0.104222821,4.1632545,5644,0.0065,2251.4,19.15,0,0.00,0.5,2.88,4.687599611,0,0.00,0.065403373,2,0.070565231,0.097593984,0.43,0,0,0,0,0,0,0,0,1,0.2939,1.5625,0,0,96.4,0.01,89537,177774,0.251443635,163615,,,,,,,,,,
39900,"Reno-Sparks, NV",0.1368,0.137665198,0.135962462,10.488117,16354,0.0543,6036.6,25.31,0,43.57,0.6,2.73,54.31333206,1,4.69,0.19200923,4,0.094830218,0.098222291,0.43,1,0,0,0,0,0,0,1,0,0.3478,3.5605,0,3.698815504,93.4,0.03,109998,429606,0.189465511,344782,,,,,,,,,,
40060,"Richmond, VA",0.1191,0.120370785,0.117879352,11.957165,48068,0.0462,7958.2,34.49,0,110.55,0.8,4.09,16.75358574,12,28.77,0.082980078,2,0.063840111,0.0971731,0.34,0,0,0,1,0,0,0,0,0,0.3114,3.9148,0,0.585312515,94.5,0.02,107913,1269380,0.355582229,1100392,,,,,,,,,,
40140,"Riverside-San Bernardino-Ontario, CA",0.1620,0.1619687,0.161948533,3.541338,113458,0.0648,6302.4,18.42,1,7.12,0.6,2.5225,8.486262205,3,1.78,0.31327894,1,0.060095421,0.090368885,0.48,17,0,0,0,0,0,0,0,1,0.4055,1.7201,3282,1.021371666,94.1,0.02,95809,4304997,0.165844067,3277022,,,,,,,,,,
40220,"Roanoke, VA",0.0924,0.091644205,0.093184755,7.3733325,10659,0.0291,3750.7,29.65,0,6.57,0.7,1.65,16.51228222,1,279.10,0.052148174,3,0.061118237,0.097566493,0.30,2,0,0,1,0,0,0,0,0,0.2575,1.6475,0,51.001727,93.5,0.01,92035,308861,0.321438059,288699,,,,,,,,,,
40340,"Rochester, MN",0.1035,0.10648284,0.100614215,4.7517215,7570,0.0425,2243.3,42.08,0,1093.25,1.2,2.47,238.2576807,0,2.68,0.092724302,2,0.068303361,0.077371758,0.27,0,0,0,0,0,0,0,0,0,0.2727,1.5330,0,7.209650769,93.2,0.03,114308,187612,0.453830872,164431,,,,,,,,,,
40380,"Rochester, NY",0.1160,0.1130131,0.118968821,5.8249275,38752,0.009,9729.4,36.57,1,198.31,1.3,3.7875,109.797292,4,187.65,0.082721852,3,0.05019087,0.083261224,0.33,0,0,1,0,0,0,0,0,0,0.2938,4.0324,35874,17.6286183,95.2,0.02,101255,1055278,0.342673341,1041759,,,,,,,,,,
40420,"Rockford, IL",0.1026,0.100556715,0.104642983,3.972685,10607,0.0238,4799.5,23.73,0,0.00,0.5,1.77,26.60083439,0,0.00,0.103399747,2,0.050708761,0.087695353,0.34,1,0,0,0,1,0,0,0,0,0.2634,1.8612,0,0.161473763,86.8,0.01,88958,348360,0.181600504,321033,,,,,,,,,,
40580,"Rocky Mount, NC",0.0837,0.080976864,0.086403509,1.6346557,4425,0.028,968.1,18.64,0,0.00,1,1.59,4.819583281,0,0.00,0.042736131,2,0.057057637,0.089865425,0.34,0,0,0,1,0,0,0,0,0,0.2271,1.0000,0,0,82.6,0.01,82845,152157,0.158570119,143139,,,,,,,,,,
40660,"Rome, GA",0.1116,0.110397946,0.112840467,3.2157075,2820,0.0118,1221.7,22.53,0,0.00,0.5,1.46,5.556192203,0,0.00,0.075083099,2,0.0760973,0.08925072,0.34,0,0,0,1,0,0,0,0,0,0.2677,3.0836,0,0,94.4,0.01,86438,95989,0.100614277,90837,,,,,,,,,,
40900,"Sacramento--Arden-Arcade--Roseville, CA",0.1466,0.149662451,0.143523958,7.2139165,78810,0.047,6416.3,31.68,1,171.60,1,8.06,20.41752537,2,81.80,0.225284981,1,0.057191268,0.083663168,0.45,0,0,0,0,0,0,0,0,1,0.3695,2.8840,30061,2.775705744,96.2,0.03,110511,2176235,0.258796396,1807949,,,,,,,,,,
40980,"Saginaw-Saginaw Township North, MI",0.0785,0.07741747,0.0795053,1.8535875,5683,-0.0285,4087.6,22.26,0,0.00,0.6,2.58,23.10536044,0,15.00,0.028267856,2,0.056531623,0.087916968,0.33,2,0,0,0,1,0,0,0,0,0.2081,1.0000,0,0,87.1,0.01,79641,199088,0.362760835,209899,,,,,,,,,,
41060,"St. Cloud, MN",0.1104,0.110201149,0.110658125,2.9110355,8055,0.0405,3664.9,24.24,0,0.00,0.6,1.65,5.964472793,0,0.00,0.037681259,3,0.094914273,0.083983148,0.31,0,0,0,0,0,0,0,0,0,0.2580,2.0526,0,0,92.6,0.01,101344,190014,0.247614721,348007,,,,,,,,,,
41100,"St. George, UT",0.1045,0.106664638,0.102362205,10.5667925,24692,0.0924,8612.3,18.01,0,1.59,0.7,1.48,8.705923322,0,0.00,0.076813334,2,0.100451005,0.115966432,0.38,0,0,0,0,0,0,0,1,0,0.4384,1.0000,0,0,96.6,0.00,99498,141666,0.157560749,402990,,,,,,,,,,
41140,"St. Joseph, MO-KS",0.0903,0.087926509,0.092641844,1.122473,13208,0.0245,5013.5,18.69,0,0.00,0.6,1.84,7.05472902,0,0.00,0.031697811,1,0.094758097,0.088925196,0.26,0,0,0,0,0,0,0,0,0,0.3066,1.0000,0,0,95.8,0.01,82833,127574,0.154531947,109609,,,,,,,,,,
41180,"St. Louis, MO-IL",0.1531,0.150229966,0.155881317,6.9425855,4303,0.0166,2771.7,34.62,1,163.72,1.1,4.8,22.12477069,25,419.99,0.051731506,2,0.048014046,0.084653449,0.31,0,0,0,0,0,0,0,0,0,0.3065,3.2006,20122,3.174254576,94.1,0.05,87252,2817355,0.436736788,972501,,,,,,,,,,
41420,"Salem, OR",0.1048,0.109879963,0.099816007,4.495406,5963,0.0466,3598.2,18.35,0,0.52,0.4,2.25,8.526120742,1,0.00,0.15394604,2,0.064992742,0.082803413,0.40,1,0,0,0,0,0,0,0,1,0.3051,1.5065,0,0,93.4,0.01,90570,394865,0.104186192,105841,,,,,,,,,,
41500,"Salinas, CA",0.1433,0.140023587,0.1465314,4.589045,3460,0.0362,1134.0,16.77,0,1.17,0.4,1.89,13.8264067,0,57.92,0.402551239,1,0.075126179,0.130101253,0.47,2,0,0,0,0,0,0,0,1,0.2821,1.7111,0,4.566516077,89.5,0.02,81632,421898,0.122045428,1720003,,,,,,,,,,
41540,"Salisbury, MD",0.1580,0.156506166,0.159552288,4.8981575,3853,0.0378,3286.9,22.39,0,7.46,0.7,1.32,6.107486451,1,1113.76,0.074447441,2,0.110412369,0.099444993,0.39,0,0,0,1,0,0,0,0,0,0.2468,1.7966,0,0,89.5,0.01,85513,125529,0.348849018,2827366,,,,,,,,,,
41620,"Salt Lake City, UT",0.1373,0.135646433,0.138928457,20.106115,107983,0.072,5067.8,30.82,1,191.57,1.5,4.8025,36.76860938,4,5098.48,0.152134333,3,0.072487094,0.094632084,0.35,1,0,0,0,0,0,0,1,0,0.3736,7.1960,22568,12.09955566,93.9,0.03,107474,1145905,0.216410702,4135875,,,,,,,,,,
41660,"San Angelo, TX",0.1449,0.140470498,0.149406861,3.2594,11910,0.0417,4353.0,21.76,0,0.69,1.1,1.44,1.469166601,0,6802.35,0.090451976,1,0.149079807,0.097936942,0.27,0,0,0,0,0,0,1,0,0,0.2657,1.0000,0,0,92.9,0.00,92164,113443,0.11589196,1738728,,,,,,,,,,
41700,"San Antonio-New Braunfels, TX",0.1223,0.126755962,0.117772318,6.1231,15692,0.101,7780.6,25.11,0,67.82,0.9,3.78,12.31627901,8,85.15,0.156085984,1,0.062673892,0.094787983,0.31,1,0,0,0,0,0,1,0,0,0.3484,3.0957,0,2.875203382,93.5,0.02,133970,2194927,0.191235475,247839,,,,,,,,,,
41740,"San Diego-Carlsbad-San Marcos, CA",0.0841,0.073607427,0.09455023,10.956435,3779,0.0535,2739.4,36.37,1,310.33,1.8,10.38,87.57769336,6,0.00,0.30810771,2,0.068547227,0.086323673,0.48,1,0,0,0,0,0,0,0,1,0.3897,6.7642,27209,23.80460019,94.9,0.03,86869,3140069,0.272205832,79662,,,,,,,,,,
41780,"Sandusky, OH",0.1167,0.113203292,0.120103557,2.5608645,131337,-0.0108,12744.7,29.1,0,0.00,0.3,1.48,15.63497544,0,483.57,0.018926746,3,0.055388501,0.103347659,0.30,0,0,0,0,1,0,0,0,0,0.2135,2.3029,0,0,92.3,0.01,131484,76751,0.360623782,399990,,,,,,,,,,
41860,"San Francisco-Oakland-Fremont, CA",0.1141,0.115173675,0.112971481,19.824355,40718,0.0469,7045.8,48.04,1,261.19,1.8,10.84,132.6110438,31,250.32,0.377153168,3,0.049919096,0.080098635,0.44,11,0,0,0,0,0,0,0,1,0.3429,8.7658,14283,16.94002765,95.7,0.15,119877,4391037,0.373857177,255835,,,,,,,,,,
41940,"San Jose-Sunnyvale-Santa Clara, CA",0.1114,0.109086107,0.113775646,22.12819,3746,0.0553,3086.5,46.98,1,229.49,4.6,15.855,503.3637996,33,115.78,0.478897455,1,0.050455898,0.08149167,0.41,11,0,0,0,0,0,0,0,1,0.3549,7.9688,37946,29.52845239,94.8,0.03,93813,1865450,0.466691357,129713,,,,,,,,,,
42020,"San Luis Obispo-Paso Robles, CA",0.1168,0.116451551,0.11715885,9.0529935,70167,0.0369,5612.1,26.74,0,3.03,0.6,2.93,23.04184178,0,693.29,0.132674021,3,0.104901256,0.099778721,0.46,1,0,0,0,0,0,0,0,1,0.3441,5.4123,0,3.325256432,93.9,0.01,99909,271969,0.193081628,460421,,,,,,,,,,
42060,"Santa Barbara-Santa Maria-Goleta, CA",0.1255,0.12667304,0.124399616,8.254154,2611,0.0405,4574.1,29.91,1,52.40,0.7,3.38,57.47153363,0,0.00,0.3036401,2,0.079460011,0.094256223,0.46,2,0,0,0,0,0,0,0,1,0.3081,5.4509,50501,55.22573581,91.6,0.04,91654,426878,0.161304551,293721,,,,,,,,,,
42100,"Santa Cruz-Watsonville, CA",0.0986,0.095495312,0.101639006,7.4307145,239603,0.0448,32013.4,38.77,1,125.57,0.8,3.73,179.7213751,1,1.86,0.237480588,3,0.080096158,0.102898315,0.48,7,0,0,0,0,0,0,0,1,0.3066,3.2702,61663,10.71048085,97.3,0.03,162094,264298,0.200527114,559879,,,,,,,,,,
42140,"Santa Fe, NM",0.1454,0.142554119,0.148313456,14.69279,101241,0.0411,10584.6,28.56,0,229.85,0.6,3.19,32.72730602,1,1257.21,0.142036899,4,0.098197249,0.118667012,0.38,0,0,0,0,0,0,0,1,0,0.2935,1.0000,0,53.02681579,89.4,0.01,179520,145648,0.186867305,3052187,,,,,,,,,,
42220,"Santa Rosa-Petaluma, CA",0.1325,0.133957392,0.131083712,7.471771,9665,0.042,1329.5,25.87,0,0.78,1.1,2.53,40.15438953,0,50.63,0.199849077,1,0.046984203,0.090108781,0.46,3,0,0,0,0,0,0,0,1,0.3097,2.6390,0,5.297454567,97.4,0.02,101023,488116,0.174311649,113323,,,,,,,,,,
42340,"Savannah, GA",0.0816,0.079799362,0.083487085,6.0274085,17412,0.0821,7221.9,28.87,0,2.39,0.7,1.97,4.593485875,1,0.00,0.067897207,1,0.09864855,0.106485936,0.38,1,0,0,1,0,0,0,0,0,0.3312,3.5311,0,0,94.4,0.02,133283,355576,0.322604002,112739,,,,,,,,,,
42540,"Scranton--Wilkes-Barre, PA",0.1032,0.107662464,0.098654709,4.0617375,11256,0.0109,5444.1,27.08,0,1.87,0.8,1.64,8.995844748,0,0.00,0.050079753,1,0.050653799,0.089218015,0.31,0,0,1,0,0,0,0,0,0,0.2488,1.1775,0,0.412379584,94.8,0.01,129733,563223,0.237310415,110939,,,,,,,,,,
42660,"Seattle-Tacoma-Bellevue, WA",0.1176,0.118648961,0.116546763,18.789925,5763,0.0586,2239.5,40.3,1,287.28,2.7,11.18,105.0182675,15,9.88,0.202211787,3,0.067658077,0.083119018,0.40,3,0,0,0,0,0,0,0,1,0.3651,6.3142,23099,10.49084426,94.7,0.08,102836,3500026,0.373139141,376150,,,,,,,,,,
42680,"Sebastian-Vero Beach, FL",0.0851,0.086648685,0.083558863,8.1227335,19564,0.0518,6498.1,20,0,0.00,0.7,1.61,12.95952309,0,0.00,0.118874333,3,0.080751937,0.108142599,0.39,3,0,0,1,0,0,0,0,0,0.3403,2.4399,0,0,91.8,0.00,116337,138894,0.201877551,142892,,,,,,,,,,
43100,"Sheboygan, WI",0.1128,0.113105925,0.112508986,1.9846345,12330,0.006,6050.5,21.53,0,0.87,0.4,2.71,36.47448089,1,3.98,0.054487546,2,0.049469097,0.066767413,0.28,0,0,0,0,1,0,0,0,0,0.2236,1.8684,0,0,94.3,0.01,100462,115149,0.15440149,188310,,,,,,,,,,
43300,"Sherman-Denison, TX",0.0856,0.085934489,0.08523503,2.469033,18328,0.0335,6242.3,19.24,0,0.00,0.7,1.39,8.785006191,0,0.00,0.064237752,5,0.07206026,0.096723141,0.29,1,0,0,0,0,0,1,0,0,0.2542,1.0000,0,0,85.6,0.00,87625,121419,0.157762292,316991,,,,,,,,,,
43340,"Shreveport-Bossier City, LA",0.1016,0.107217355,0.09596929,5.239623,158413,0.0266,17819.3,23.82,0,32.22,0.7,1.36,6.855056843,0,0.00,0.034761197,4,0.069506419,0.123179606,0.30,0,0,0,0,0,0,1,0,0,0.2936,1.4955,0,0,90.2,0.01,128009,403595,0.283235717,254443,,,,,,,,,,
43580,"Sioux City, IA-NE-SD",0.1183,0.120025743,0.116609721,4.8666435,6405,0.0249,1473.6,21.26,0,0.00,0.5,1.3,13.88291152,0,25.95,0.117544958,1,0.08283502,0.090453946,0.27,0,0,0,0,0,0,0,1,0,0.2340,1.0000,0,0,97.1,0.01,118707,144062,0.069345794,418803,,,,,,,,,,
43620,"Sioux Falls, SD",0.0908,0.089916963,0.091666667,16.41147,4377,0.083,3141.1,31.56,0,33.98,0.8,2.09,10.46896668,0,0.00,0.054463807,2,0.077166275,0.087098547,0.26,0,0,0,0,0,0,0,0,0,0.2914,1.0000,0,0.54495991,91.6,0.01,105010,232433,0.194068422,201628,,,,,,,,,,
43780,"South Bend-Mishawaka, IN-MI",0.0961,0.096623563,0.095584888,3.9586655,3631,0.004,1736.7,26,1,55.38,0.7,1.86,24.0569669,0,54.59,0.05829945,2,0.080653232,0.0875246,0.29,5,0,0,0,1,0,0,0,0,0.2343,3.5103,32380,1.656913136,91.3,0.01,86070,318688,0.304315415,680368,,,,,,,,,,
43900,"Spartanburg, SC",0.1434,0.138567854,0.148170223,4.3687615,13558,0.0591,3766.5,21.7,0,5.49,0.4,2,18.12680397,1,0.00,0.072555677,2,0.067064287,0.090804212,0.29,2,0,0,1,0,0,0,0,0,0.2759,2.3944,0,0,92.4,0.00,94518,286868,0.176574456,369920,,,,,,,,,,
44060,"Spokane, WA",0.0735,0.069126819,0.077969649,7.8952765,4929,0.0549,4553.2,26.95,0,1.67,0.7,2.21,13.71999806,1,0.00,0.064994402,2,0.0842816,0.087480589,0.36,1,0,0,0,0,0,0,0,1,0.3171,2.4775,0,2.262393907,94.0,0.03,100626,473761,0.247141645,144605,,,,,,,,,,
44100,"Springfield, IL",0.0931,0.090269637,0.095880847,7.950423,9236,0.0226,3418.5,35.01,0,322.66,0.7,2.33,12.29041301,1,52.84,0.039073412,3,0.069023732,0.068618112,0.27,0,0,0,0,1,0,0,0,0,0.2434,1.0000,0,0,95.4,0.02,112284,211547,0.391242181,168139,,,,,,,,,,
44140,"Springfield, MA",0.1611,0.166225166,0.156052017,3.223936,9941,0.0054,4178.3,28.6,1,32.33,0.5,2.06,17.45517914,2,0.00,0.099508881,3,0.05926617,0.090695524,0.38,3,1,0,0,0,0,0,0,0,0.2563,1.7213,22628,5.527859163,94.6,0.02,88576,693204,0.265235273,91206,,,,,,,,,,
44180,"Springfield, MO",0.1415,0.140007822,0.143023708,5.6389855,7996,0.0572,1920.2,26.12,0,1.46,0.5,1.54,6.210117038,2,0.00,0.027758621,2,0.085073531,0.089185534,0.31,0,0,0,0,0,0,0,0,0,0.3448,2.8176,0,0.10959039,89.1,0.00,80371,440142,0.320826467,124091,,,,,,,,,,
44220,"Springfield, OH",0.1271,0.123722149,0.130440078,2.2633615,15286,-0.0175,5748.1,16.09,0,0.00,0.2,1.37,10.16769433,0,62.59,0.025538673,1,0.05556126,0.090561069,0.31,1,0,0,0,1,0,0,0,0,0.2060,1.0000,0,0.24208796,96.1,0.01,89744,137691,0.243277311,2702217,,,,,,,,,,
44300,"State College, PA",0.0890,0.084739113,0.093286495,9.2694855,4781,0.0389,3103.6,46.87,1,456.22,1,3.73,35.76306752,0,77.66,0.0727844,2,0.192428704,0.097745581,0.34,0,0,1,0,0,0,0,0,0,0.2506,3.5853,464157,75.9181688,94.7,0.04,85472,154722,0.737752627,135965,,,,,,,,,,
44600,"Steubenville-Weirton, OH-WV",0.0750,0.074212493,0.075873362,0.725161,3415,-0.0164,606.6,17.71,0,0.00,0.5,1.36,3.245620441,0,0.00,0.012513117,2,0.071019697,0.074704,0.23,1,0,0,0,1,0,0,0,0,0.1983,1.0000,0,0,91.6,0.02,72958,123243,0.332732191,131681,,,,,,,,,,
44700,"Stockton, CA",0.1226,0.123652658,0.121543566,2.102137,19182,0.0375,5496.6,16.26,0,0.22,0.3,1.36,7.18169988,0,0.00,0.327374191,2,0.059063124,0.089716306,0.46,1,0,0,0,0,0,0,0,1,0.3148,1.0000,0,0.453915032,94.2,0.01,97850,696214,0.156179097,567885,,,,,,,,,,
44940,"Sumter, SC",0.0933,0.093602694,0.093070652,1.639552,2865,0.0151,959.4,20.28,0,0.00,0.5,2.16,3.1019294,0,0.00,0.045205579,2,0.078214326,0.09015568,0.27,1,0,0,1,0,0,0,0,0,0.2357,1.0000,0,0,86.9,0.00,78708,107460,0.195799677,104802,,,,,,,,,,
45060,"Syracuse, NY",0.1107,0.111522525,0.109971711,3.808201,22461,0.0115,8858.8,33.36,0,40.53,1.1,3.495,23.69621751,0,0.46,0.065829132,3,0.062768041,0.082941817,0.31,0,0,1,0,0,0,0,0,0,0.2650,2.2075,0,2.804219436,93.0,0.02,94076,662553,0.353787454,649961,,,,,,,,,,
45220,"Tallahassee, FL",0.1252,0.123939394,0.126491282,8.1727145,11137,0.0494,5035.0,34.98,1,381.32,0.8,3.66,14.69429555,1,0.00,0.078633851,1,0.112543959,0.095497954,0.39,0,0,0,1,0,0,0,0,0,0.3165,1.2704,57502,0.873892294,94.3,0.01,82901,369758,0.43194389,321336,,,,,,,,,,
45300,"Tampa-St. Petersburg-Clearwater, FL",0.1681,0.165892174,0.170224937,10.2985685,94887,0.0327,5486.1,27.77,1,57.24,1,3.66,14.82150705,8,59.26,0.152163081,4,0.063739848,0.099980174,0.40,3,0,0,1,0,0,0,0,0,0.3974,5.3190,9506,2.396648074,92.4,0.01,90819,2824724,0.271202654,2404013,,,,,,,,,,
45460,"Terre Haute, IN",0.0947,0.094410361,0.094956522,2.594991,4764,0.0041,3293.2,18.6,0,2.32,0.8,1.88,2.702760097,0,0.00,0.024465961,2,0.069866545,0.089320913,0.27,0,0,0,0,1,0,0,0,0,0.2515,1.5792,0,3.027743832,93.9,0.00,76702,172663,0.429906542,170855,,,,,,,,,,
45500,"Texarkana, TX-Texarkana, AR",0.1025,0.101592768,0.103448276,2.43787095,4204,0.0249,2489.7,16.16,0,0.47,0.4,0.99,1.464643506,1,0.00,0.034449655,2,0.102961698,0.104521219,0.28,0,0,0,0,0,0,1,0,0,0.2730,1.0000,0,0,96.1,0.01,87368,136552,0.18930173,129592,,,,,,,,,,
45780,"Toledo, OH",0.0955,0.094194034,0.096862857,2.702613,20674,-0.0077,5788.3,24.22,0,30.83,0.5,1.99,19.68425229,6,3.39,0.039335187,2,0.05875496,0.084087366,0.33,1,0,0,0,1,0,0,0,0,0.2414,2.8454,0,1.863191884,94.9,0.01,87306,650266,0.41390669,659190,,,,,,,,,,
45820,"Topeka, KS",0.0875,0.09111827,0.083942466,4.8433515,7964,0.0236,3873.0,28.43,0,122.74,0.4,2.56,2.699089838,3,0.00,0.042113,1,0.060580338,0.082955128,0.28,1,0,0,0,0,0,0,0,0,0.2467,1.0000,0,0.980195783,93.8,0.01,93546,234647,0.266656549,224859,,,,,,,,,,
45940,"Trenton-Ewing, NJ",0.1202,0.11785857,0.122573784,13.674975,17408,0.0113,13584.6,40.26,1,342.77,1.4,7.1075,96.98607596,2,625.15,0.256598259,2,0.089318157,0.080506334,0.40,4,0,1,0,0,0,0,0,0,0.2979,7.8108,55729,41.38734845,96.3,0.07,141885,367063,0.427956611,351465,,,,,,,,,,
46060,"Tucson, AZ",0.1232,0.123851602,0.122489532,6.785319,31510,0.0438,6085.7,26.15,1,133.38,1.4,4.8,52.64918363,0,130.23,0.163321259,2,0.083232872,0.107713958,0.37,0,0,0,0,0,0,0,1,0,0.3319,2.8190,55717,22.63150859,92.5,0.02,89232,989569,0.219156778,848019,,,,,,,,,,
46140,"Tulsa, OK",0.1217,0.123760722,0.119551046,8.0399595,34328,0.0516,3297.8,25.63,0,1.16,0.9,2.59,13.30570815,8,4.89,0.067648868,2,0.063030555,0.100069015,0.29,0,0,0,0,0,0,1,0,0,0.3116,3.1120,0,0.288486057,93.0,0.01,103554,946962,0.213348449,861237,,,,,,,,,,
46220,"Tuscaloosa, AL",0.1169,0.122113164,0.111631995,3.8603265,6559,0.0607,3073.9,27.81,0,19.61,0.6,1.82,4.664045774,0,0.00,0.037731957,2,0.088342018,0.08244339,0.33,0,0,0,0,0,1,0,0,0,0.2887,1.9027,0,5.348927796,91.7,0.01,82077,221553,0.391172302,193510,,,,,,,,,,
46340,"Tyler, TX",0.1305,0.128345916,0.132727273,4.046956,7121,0.0732,2593.4,23.68,0,25.05,0.7,1.78,9.529120837,1,19.00,0.111782931,1,0.091695082,0.09660446,0.30,0,0,0,0,0,0,1,0,0,0.3223,1.4686,0,0,88.6,0.00,98725,213381,0.118985303,175658,,,,,,,,,,
46540,"Utica-Rome, NY",0.0985,0.100646552,0.096354167,3.2455555,9268,0.0037,6834.2,20.17,0,1.18,0.9,1.8,7.483182385,0,0.00,0.071391518,2,0.054229382,0.076260501,0.29,0,0,1,0,0,0,0,0,0,0.2478,1.3351,0,12.50852357,97.0,0.01,84840,298447,0.21346312,299597,,,,,,,,,,
46660,"Valdosta, GA",0.1170,0.114548495,0.11937216,3.041897,3765,0.0832,3082.3,24.02,0,0.02,0.4,0.97,1.405412243,0,0.00,0.053508378,1,0.111210528,0.10344706,0.35,0,0,0,1,0,0,0,0,0,0.2944,1.0000,0,0,89.5,0.00,78795,142307,0.15170068,119729,,,,,,,,,,
46700,"Vallejo-Fairfield, CA",0.1151,0.113188976,0.116916404,3.246791,14246,0.014,5475.8,23.17,0,5.18,0.6,2.52,12.40582578,0,24.15,0.268858907,1,0.072585068,0.082929863,0.45,8,0,0,0,0,0,0,0,1,0.3008,1.0000,0,1.864871119,95.4,0.03,110327,416471,0.250017092,396974,,,,,,,,,,
47020,"Victoria, TX",0.0864,0.080830389,0.091908531,1.42840555,4141,0.0262,2752.7,11.42,0,0.00,0.6,1.73,2.58108922,0,0.00,0.078119819,2,0.058875368,0.092350793,0.26,0,0,0,0,0,0,1,0,0,0.2384,1.0000,0,0,92.1,0.01,107369,116230,0.14278438,111620,,,,,,,,,,
47220,"Vineland-Millville-Bridgeton, NJ",0.0985,0.099264706,0.097722567,2.6428185,4815,0.0227,2330.3,15.74,0,0.00,0.4,0.92,4.243716647,0,0.00,0.121692463,2,0.064614016,0.094010374,0.43,4,0,1,0,0,0,0,0,0,0.2607,1.0000,0,0,92.2,0.02,98518,157095,0.133170578,146263,,,,,,,,,,
47260,"Virginia Beach-Norfolk-Newport News, VA-NC",0.1209,0.121253459,0.120520528,8.765065,62013,0.0081,1833.1,27.08,0,7.90,0.9,5.145,7.540158288,3,0.00,0.080508557,2,0.092148951,0.107504383,0.40,0,0,0,1,0,0,0,0,0,0.3237,4.2740,0,6.35623081,95.3,0.02,107561,1679894,0.341470426,1581131,,,,,,,,,,
47300,"Visalia-Porterville, CA",0.1069,0.106513562,0.107228435,1.79848,11378,0.0689,3353.1,10.91,0,0.11,0.3,1.51,2.819495177,1,27.96,0.328726795,1,0.043645218,0.112249775,0.42,3,0,0,0,0,0,0,0,1,0.2966,1.0000,0,0,93.6,0.01,96565,449253,0.057466946,368627,,,,,,,,,,
47380,"Waco, TX",0.1061,0.103474512,0.108789809,3.8847115,7059,0.0513,3216.4,20.98,0,3.42,0.8,1.99,4.331472198,0,16.95,0.10551917,2,0.088056755,0.088697975,0.34,0,0,0,0,0,0,1,0,0,0.2622,1.4192,0,0.13972491,87.4,0.01,87850,238564,0.146346373,213967,,,,,,,,,,
47580,"Warner Robins, GA",0.1190,0.12400906,0.114074915,8.262492,4278,0.0917,2304.8,31.82,0,0.00,1.3,4.71,2.084418968,0,0.00,0.068782596,2,0.108745583,0.095298455,0.28,1,0,0,1,0,0,0,0,0,0.3271,1.0000,0,0,96.8,0.00,88035,143925,0.221626887,111294,,,,,,,,,,
47900,"Washington-Arlington-Alexandria, DC-VA-MD-WV",0.1363,0.136211468,0.136322751,25.737595,298353,0.0649,24858.0,50.75,3,276.02,2,12.6,28.34294188,33,416.50,0.272928128,5,0.079515423,0.099617694,0.37,3,0,0,1,0,0,0,0,0,0.3476,13.9209,14547,25.95302149,95.5,0.64,157041,5703948,0.413015202,4821966,,,,,,,,,,
47940,"Waterloo-Cedar Falls, IA",0.0937,0.094073377,0.093283582,2.2633025,5958,0.0242,3293.2,31.78,0,0.45,0.5,1.49,16.83611723,0,0.00,0.044495232,2,0.07729819,0.082032679,0.26,0,0,0,0,0,0,0,0,0,0.2426,4.5653,0,0,90.0,0.00,96808,168289,0.248995984,163699,,,,,,,,,,
48140,"Wausau, WI",0.0854,0.083453237,0.087318841,1.9184555,4444,0.0275,2315.0,23.37,0,0.00,0.4,2.48,9.920634921,0,0.00,0.04553929,2,0.049310261,0.070503425,0.27,0,0,0,0,1,0,0,0,0,0.2354,1.7440,0,0,95.6,0.01,93551,134400,0.187984496,125995,,,,,,,,,,
48300,"Wenatchee-East Wenatchee, WA",0.1141,0.112328767,0.115873016,3.6227735,3518,0.0594,2455.3,25.16,0,0.00,0.6,2.89,4.150066401,0,0.00,0.15622562,1,0.06430833,0.103067494,0.31,0,0,0,0,0,0,0,0,1,0.3032,1.8893,0,0.236138778,92.9,0.01,93497,112448,0.090502891,99322,,,,,,,,,,
48540,"Wheeling, WV-OH",0.0657,0.063677468,0.067809524,0.61648935,4462,-0.0088,2925.7,24.01,0,0.87,0.4,1.14,6.114255046,0,0.00,0.012643438,1,0.059370371,0.084606365,0.22,2,0,0,1,0,0,0,0,0,0.1851,2.3587,0,11.09295026,94.5,0.01,79625,147197,0.460555973,152914,,,,,,,,,,
48620,"Wichita, KS",0.0856,0.088275392,0.082869081,6.5154335,4782,0.0518,3712.3,26.85,0,6.78,2.9,3.2675,15.87996875,1,0.00,0.088846661,1,0.062348856,0.085207006,0.28,0,0,0,0,0,0,0,0,0,0.2820,3.2381,0,0.516854082,91.1,0.00,89766,625526,0.219548315,151847,,,,,,,,,,
48660,"Wichita Falls, TX",0.1074,0.10744946,0.10735363,2.16603335,21649,-0.0008,4204.9,19.2,0,0.00,1.1,1.215,4.214888317,0,0.00,0.075471502,2,0.124075719,0.096166632,0.27,0,0,0,0,0,0,1,0,0,0.2541,1.0000,0,0,97.8,0.00,100201,150261,0.161365827,572226,,,,,,,,,,
48700,"Williamsport, PA",0.0847,0.081307998,0.088069414,2.3411465,3560,-0.0069,5450.6,20.64,0,0.00,0.6,2.13,16.27450812,0,0.00,0.017294727,2,0.055216431,0.082801069,0.30,0,0,1,0,0,0,0,0,0,0.2189,1.0000,0,15.80435186,94.6,0.02,82748,116747,0.274909091,119851,,,,,,,,,,
48900,"Wilmington, NC",0.1367,0.137483085,0.135865095,9.677486,11239,0.095,4165.8,30.93,0,60.83,0.9,3.16,12.53319267,0,0.00,0.056752199,1,0.088342676,0.098035764,0.37,0,0,0,1,0,0,0,0,0,0.3591,3.9755,0,0.468254505,91.3,0.01,80270,369685,0.218135218,275816,,,,,,,,,,
49020,"Winchester, VA-WV",0.1125,0.113122172,0.11179868,7.5157125,4032,0.0619,1798.4,21.6,0,0.00,0.7,1.69,8.713591922,0,0.00,0.072086895,2,0.079188243,0.104719343,0.31,1,0,0,1,0,0,0,0,0,0.2925,1.7688,0,2.47355553,93.1,0.01,90514,130065,0.222505986,103626,,,,,,,,,,
49180,"Winston-Salem, NC",0.1099,0.106171885,0.113615635,6.3231545,15628,0.0486,3610.2,27.78,0,274.15,0.5,1.86,19.01699428,3,27.17,0.087719024,2,0.061340969,0.083052664,0.31,2,0,0,1,0,0,0,0,0,0.2911,2.8671,0,3.427841571,92.2,0.01,89620,482025,0.229626986,423497,,,,,,,,,,
49340,"Worcester, MA",0.1108,0.108283662,0.113329238,7.6772035,32076,0.0178,10119.4,38.29,0,233.50,1.1,3.8325,60.15773308,1,1055.53,0.140497056,2,0.053166971,0.078352946,0.36,3,1,0,0,0,0,0,0,0,0.2821,2.4977,0,18.71062725,96.7,0.02,116322,801227,0.359031247,752512,,,,,,,,,,
49420,"Yakima, WA",0.1067,0.109443726,0.104025091,2.137564,7222,0.0599,5680.9,12,0,0.00,0.3,1.63,2.158012363,0,0.00,0.241390507,2,0.052897512,0.101570759,0.35,0,0,0,0,0,0,0,0,1,0.2652,1.4046,0,1.453960829,87.2,0.01,98908,247141,0.049596474,222615,,,,,,,,,,
49620,"York-Hanover, PA",0.0963,0.095149543,0.09752322,4.772827,14586,0.0423,5080.7,26.76,0,0.50,0.7,2.04,22.28480283,2,0.00,0.041396478,2,0.058929265,0.088138389,0.32,4,0,1,0,0,0,0,0,0,0.2636,1.2290,0,0.545212965,95.9,0.01,96252,436770,0.280738872,382743,,,,,,,,,,
49660,"Youngstown-Warren-Boardman, OH-PA",0.0893,0.089882986,0.088764873,3.5766925,16509,-0.0266,2071.4,21.67,0,0.18,0.5,1.35,10.78060463,0,0.00,0.028047293,2,0.047552794,0.084382929,0.29,0,0,0,0,1,0,0,0,0,0.2399,2.4216,0,0,93.0,0.01,79281,562739,0.270055169,602227,,,,,,,,,,
49700,"Yuba City, CA",0.1233,0.125059895,0.121490803,3.4393755,4893,0.0426,3326.9,15.61,0,0.00,0.5,2.1,3.184136631,0,0.00,0.240964556,1,0.070171487,0.094414529,0.42,0,0,0,0,0,0,0,0,1,0.3193,1.0000,0,0,92.9,0.01,98102,167497,0.142305527,139564,,,,,,,,,,
49740,"Yuma, AZ",0.1216,0.123699422,0.119484576,3.3353795,5372,0.0706,5629.8,15.93,0,0.00,0.5,2.32,1.659448068,0,0.00,0.358194981,1,0.096218014,0.152783974,0.35,0,0,0,0,0,0,0,1,0,0.3291,3.4892,0,0,90.7,0.01,78551,200870,0.08959578,160576,,,,,,,,,,
