"","walkscore","bikescore","GEOID"
"1",18,66,"35001003735"
"2",37,43,"35001003733"
"3",33,60,"35001003400"
"4",31,4,"35001003501"
"5",54,70,"35001003724"
"6",95,79,"35001002100"
"7",3,7,"35043010713"
"8",33,56,"35001003001"
"9",89,100,"35001001700"
"10",7,10,"35043010601"
"11",31,38,"35001003736"
"12",37,57,"35001003728"
"13",80,88,"35001001500"
"14",5,14,"35001003502"
"15",78,76,"35001000122"
"16",54,70,"35001003725"
"17",69,64,"35001002700"
"18",8,18,"35043010703"
"19",71,86,"35001002500"
"20",34,51,"35001001200"
"21",0,17,"35001004001"
"22",42,71,"35001000601"
"23",36,23,"13089021411"
"24",35,24,"13135050311"
"25",20,25,"13121010110"
"26",3,26,"13121010205"
"27",3,27,"13067030330"
"28",5,28,"13121010122"
"29",26,29,"13067030332"
"30",1,30,"13067030320"
"31",8,31,"13067030502"
"32",0,32,"13067030318"
"33",4,33,"13067030103"
"34",31,34,"13067030328"
"35",63,35,"13067031110"
"36",1,36,"13067030337"
"37",17,37,"13067030339"
"38",0,38,"13143010400"
"39",12,39,"13089021912"
"40",14,40,"13067031111"
"41",53,41,"13089021405"
"42",45,42,"13089021502"
"43",30,43,"13089021603"
"44",7,44,"13089021703"
"45",19,45,"13089021704"
"46",87,76,"13121001300"
"47",88,67,"13121001500"
"48",90,75,"13121001900"
"49",61,63,"13121000500"
"50",0,50,"13013180204"
"51",19,24,"13121010002"
"52",41,51,"13121010001"
"53",1,10,"13121009802"
"54",0,54,"13045911100"
"55",26,55,"13045910200"
"56",12,56,"13121010209"
"57",2,57,"13121010513"
"58",1,58,"13121010510"
"59",93,76,"13121001100"
"60",79,67,"13121009101"
"61",25,25,"13121008904"
"62",31,62,"13121011611"
"63",2,63,"13121011617"
"64",0,64,"13121011504"
"65",2,65,"13121011615"
"66",0,66,"13121011423"
"67",15,67,"13121011620"
"68",53,68,"13121011614"
"69",4,69,"13121011621"
"70",35,70,"13121011619"
"71",13,71,"13121011623"
"72",1,72,"13121011622"
"73",17,73,"13121011420"
"74",48,55,"13121009000"
"75",7,75,"13121010303"
"76",77,79,"13121001700"
"77",81,88,"13121000600"
"78",56,41,"13121000200"
"79",73,70,"13121000400"
"80",1,80,"13135050212"
"81",14,81,"13135050210"
"82",15,82,"13135050214"
"83",17,83,"13135050220"
"84",2,84,"13135050548"
"85",3,85,"13135050216"
"86",13,86,"13135050537"
"87",5,87,"13255161200"
"88",0,88,"13255160500"
"89",38,89,"13057091006"
"90",0,90,"13113140406"
"91",8,91,"13113140303"
"92",3,92,"13113140306"
"93",1,93,"13121010204"
"94",88,81,"13121002900"
"95",8,95,"13057091003"
"96",23,96,"13057090701"
"97",11,97,"13057090702"
"98",0,98,"13057090300"
"99",15,99,"13057090902"
"100",59,100,"13057091001"
"101",1,101,"13057090400"
"102",1,102,"13057090904"
"103",11,103,"13063040410"
"104",7,104,"13063040514"
"105",12,105,"13217100400"
"106",12,106,"13067031208"
"107",45,107,"13067031207"
"108",0,108,"13247060306"
"109",20,109,"13247060304"
"110",2,110,"13121011417"
"111",0,111,"13121011506"
"112",1,112,"13121011416"
"113",46,113,"13121011421"
"114",6,114,"13121011610"
"115",41,31,"13121007705"
"116",17,116,"13121011618"
"117",84,49,"13121009603"
"118",78,68,"13121009601"
"119",56,119,"13121010119"
"120",14,120,"13121010123"
"121",44,121,"13135050308"
"122",23,122,"13135050306"
"123",9,123,"13135050309"
"124",1,124,"13135050313"
"125",13,125,"13135050310"
"126",27,126,"13089022800"
"127",32,127,"13089021415"
"128",25,128,"13121011422"
"129",97,82,"13121011900"
"130",34,130,"13089022203"
"131",6,131,"13089023214"
"132",40,132,"13089021414"
"133",60,133,"13089021215"
"134",40,134,"13135050417"
"135",8,135,"13135050304"
"136",38,136,"13089021409"
"137",21,137,"13135050105"
"138",12,138,"13135050423"
"139",7,139,"13135050106"
"140",30,140,"13135050421"
"141",42,141,"13135050205"
"142",5,142,"13135050103"
"143",15,143,"13089021204"
"144",17,144,"13089021202"
"145",0,145,"13121011418"
"146",90,80,"13121001202"
"147",65,54,"13121009102"
"148",17,148,"13089021216"
"149",91,79,"13121001201"
"150",80,74,"13121001001"
"151",58,151,"13121011616"
"152",37,36,"13121980000"
"153",33,153,"13089021209"
"154",6,154,"13089021810"
"155",0,155,"13089021211"
"156",5,156,"13089021806"
"157",27,157,"13121011427"
"158",36,158,"13089021303"
"159",33,159,"13089021301"
"160",0,160,"13089023312"
"161",1,161,"13121011306"
"162",13,162,"13135050422"
"163",12,163,"13135050424"
"164",13,164,"13135050511"
"165",3,165,"13135050521"
"166",17,166,"13067031313"
"167",25,167,"13067030219"
"168",27,168,"13067031206"
"169",12,169,"13067030229"
"170",2,170,"13067030602"
"171",27,171,"13135050720"
"172",0,172,"13199970800"
"173",22,173,"13151070306"
"174",38,55,"13121008902"
"175",0,175,"13151070104"
"176",1,176,"13067031212"
"177",53,177,"13067031211"
"178",22,178,"13067030227"
"179",7,179,"13117130604"
"180",1,180,"13117130409"
"181",12,181,"13117130603"
"182",2,182,"13117130602"
"183",1,183,"13117130607"
"184",3,184,"13117130204"
"185",0,185,"13117130302"
"186",1,186,"13117130608"
"187",5,187,"13117130203"
"188",2,188,"13117130306"
"189",17,189,"13135050209"
"190",5,190,"13135050610"
"191",60,191,"13135050542"
"192",0,192,"13117130505"
"193",1,193,"13117130205"
"194",11,194,"13117130606"
"195",75,71,"13121009602"
"196",81,63,"13121009502"
"197",0,197,"13139001607"
"198",37,198,"13121010118"
"199",38,199,"13121010113"
"200",1,200,"13151070205"
"201",29,201,"13067030343"
"202",9,202,"13121011419"
"203",6,203,"13067030230"
"204",40,204,"13067030228"
"205",0,205,"13135050213"
"206",8,206,"13135050530"
"207",18,207,"13135050529"
"208",62,208,"13135050317"
"209",14,209,"13135050217"
"210",8,210,"13135050535"
"211",22,211,"13067030414"
"212",43,212,"13067030413"
"213",42,213,"13063980000"
"214",58,214,"13067030411"
"215",28,215,"13067030344"
"216",32,216,"13067030345"
"217",19,217,"13135050524"
"218",9,218,"13067030223"
"219",15,219,"13135050725"
"220",0,220,"13223120103"
"221",10,221,"13113140208"
"222",5,222,"13121011410"
"223",10,223,"13121011405"
"224",0,224,"13121011414"
"225",57,72,"13089020600"
"226",64,72,"13089020500"
"227",56,76,"13121001002"
"228",34,66,"13089020200"
"229",70,57,"13089020300"
"230",3,230,"13121010400"
"231",26,231,"13121011412"
"232",25,21,"13121006900"
"233",14,233,"13089021218"
"234",6,27,"13121007806"
"235",12,235,"13121007805"
"236",92,78,"13121002800"
"237",87,79,"13121003000"
"238",96,85,"13121003500"
"239",64,83,"13121005200"
"240",23,21,"13121006400"
"241",13,29,"13121008602"
"242",4,39,"13121008800"
"243",59,46,"13121009200"
"244",11,244,"13057091005"
"245",0,245,"13077170402"
"246",65,246,"24027606603"
"247",55,247,"24005400800"
"248",0,248,"24035810901"
"249",0,249,"24035810902"
"250",15,250,"24005403300"
"251",20,251,"24005408400"
"252",27,252,"24005408505"
"253",94,85,"24510240300"
"254",21,43,"24510240400"
"255",91,77,"24510260900"
"256",94,77,"24510230200"
"257",89,73,"24510130700"
"258",57,258,"24027605402"
"259",16,259,"24027602302"
"260",63,260,"24027606803"
"261",1,261,"24027605102"
"262",83,83,"24510010100"
"263",93,81,"24510030100"
"264",83,86,"24510010400"
"265",41,41,"24510130806"
"266",48,35,"24510250206"
"267",63,267,"24027606705"
"268",0,268,"24027606701"
"269",36,269,"24027606804"
"270",98,80,"24510040100"
"271",31,271,"24027606901"
"272",6,272,"24035810800"
"273",0,273,"24025304202"
"274",3,274,"24005402603"
"275",1,275,"24005411202"
"276",0,276,"24021752001"
"277",0,277,"24013507702"
"278",15,278,"24005440600"
"279",34,279,"24005451200"
"280",30,280,"24027606904"
"281",65,281,"24005420900"
"282",2,282,"24027603001"
"283",59,283,"24027606905"
"284",1,284,"24005451701"
"285",0,285,"24005402202"
"286",4,286,"24013507601"
"287",0,287,"24013504100"
"288",0,288,"24013514100"
"289",13,289,"24003740800"
"290",24,290,"24003702402"
"291",0,291,"24003701300"
"292",9,292,"24003731203"
"293",52,293,"24003706500"
"294",0,294,"24003741000"
"295",13,295,"24003702500"
"296",7,296,"24003740102"
"297",22,297,"24003730502"
"298",40,298,"24005430400"
"299",16,299,"24027606706"
"300",15,300,"24027601105"
"301",0,301,"24003702300"
"302",47,302,"24003740201"
"303",95,303,"24003706101"
"304",22,304,"24027601204"
"305",56,305,"24027606707"
"306",34,306,"24027606606"
"307",21,307,"24027601203"
"308",16,308,"24027601103"
"309",7,309,"24027601108"
"310",3,310,"24013513001"
"311",0,311,"24027605103"
"312",8,312,"24027602201"
"313",5,313,"24025303501"
"314",65,314,"24003706302"
"315",1,315,"24003751400"
"316",0,316,"24003702702"
"317",9,317,"24003740304"
"318",0,318,"24003751200"
"319",53,46,"24510260402"
"320",54,39,"24510260404"
"321",82,63,"24510090800"
"322",6,27,"24510260605"
"323",49,323,"24005452300"
"324",75,324,"24005490900"
"325",56,325,"24005491201"
"326",41,326,"24005404102"
"327",73,327,"24005401507"
"328",41,328,"24005403402"
"329",50,329,"24005492500"
"330",39,52,"24510240100"
"331",50,331,"24003706402"
"332",32,332,"24005408800"
"333",0,333,"24013508101"
"334",6,334,"24013509002"
"335",19,335,"24005490400"
"336",17,336,"24005408100"
"337",8,337,"24005402407"
"338",0,338,"24005404101"
"339",23,339,"24003702701"
"340",19,340,"01073014409"
"341",82,26,"01073004901"
"342",21,342,"01073012915"
"343",22,343,"01073012910"
"344",56,344,"01073012802"
"345",7,345,"01073012703"
"346",45,346,"01073014408"
"347",24,347,"01117030314"
"348",0,348,"01117030604"
"349",0,349,"01117030609"
"350",0,350,"01117030315"
"351",2,351,"01117030305"
"352",0,352,"01117030605"
"353",8,353,"01117030330"
"354",18,354,"01073011109"
"355",31,355,"01073014204"
"356",10,356,"01073010802"
"357",8,357,"01073014404"
"358",12,358,"01117030333"
"359",29,36,"01073000500"
"360",5,36,"01073001200"
"361",91,51,"01073002700"
"362",47,53,"01073002400"
"363",81,38,"01073004701"
"364",63,364,"01073010200"
"365",44,365,"01073010703"
"366",76,366,"01073010702"
"367",22,367,"01073010706"
"368",64,368,"01073010900"
"369",1,0,"01073014302"
"370",50,43,"01073000300"
"371",12,371,"01073012906"
"372",57,372,"01073012908"
"373",2,373,"01117030501"
"374",6,374,"01117030213"
"375",0,375,"01117030502"
"376",1,376,"01117030345"
"377",48,377,"01117030212"
"378",49,378,"01009050102"
"379",18,379,"33015063001"
"380",25,380,"33015107200"
"381",0,381,"33015100100"
"382",17,382,"33015100301"
"383",1,383,"33015100302"
"384",1,384,"33015101100"
"385",4,385,"33015105100"
"386",28,386,"33015069300"
"387",19,387,"33015061001"
"388",70,388,"33015069100"
"389",4,389,"33015065001"
"390",12,390,"33015100200"
"391",0,391,"33015067501"
"392",39,392,"33015107100"
"393",12,393,"33015107400"
"394",4,394,"33015104101"
"395",2,395,"33015107500"
"396",27,396,"33017081500"
"397",74,397,"33017081300"
"398",1,398,"33017081400"
"399",4,399,"33017085000"
"400",1,400,"33017084600"
"401",95,88,"25025010500"
"402",13,402,"25017322100"
"403",61,403,"25023510700"
"404",8,404,"25023501202"
"405",3,405,"25023504101"
"406",0,406,"25023530600"
"407",9,407,"25023507104"
"408",7,408,"25023524102"
"409",5,409,"25023524101"
"410",73,410,"25021418004"
"411",94,411,"25021417701"
"412",95,83,"25025020303"
"413",76,92,"25025120201"
"414",78,98,"25025000803"
"415",98,64,"25025020302"
"416",95,100,"25017353101"
"417",74,96,"25017352102"
"418",24,418,"25017384001"
"419",85,419,"25017388300"
"420",79,420,"25009251600"
"421",95,82,"25025071201"
"422",83,74,"25025120301"
"423",46,423,"25009254100"
"424",9,424,"25009254402"
"425",61,425,"25009261000"
"426",4,426,"25017388200"
"427",91,96,"25025000802"
"428",94,90,"25017352700"
"429",96,99,"25017353000"
"430",91,100,"25017352400"
"431",46,431,"25017368902"
"432",13,432,"25017369000"
"433",87,99,"25017353200"
"434",14,434,"25017331200"
"435",6,435,"25017331101"
"436",89,99,"25017353900"
"437",52,437,"25017369100"
"438",18,438,"25017331300"
"439",16,439,"25017332300"
"440",61,89,"25017354300"
"441",37,441,"25017333600"
"442",17,442,"25017333400"
"443",76,94,"25017354600"
"444",67,444,"25017370300"
"445",73,445,"25017356100"
"446",15,446,"25017335100"
"447",66,447,"25017373100"
"448",79,448,"25017356500"
"449",72,449,"25017356601"
"450",49,450,"25017312300"
"451",6,451,"25017337300"
"452",38,452,"25017358400"
"453",15,453,"25017358600"
"454",25,454,"25017316500"
"455",10,455,"25017317101"
"456",91,456,"25017341300"
"457",23,457,"25017317203"
"458",7,458,"25017316400"
"459",5,459,"25017359100"
"460",12,460,"25017361200"
"461",19,461,"25017318400"
"462",4,462,"25017363102"
"463",7,463,"25017364102"
"464",10,464,"25017321500"
"465",47,465,"25017321400"
"466",97,75,"25017350900"
"467",19,467,"25017368101"
"468",68,468,"25017368300"
"469",45,469,"25017368400"
"470",73,470,"25017368600"
"471",61,471,"25017373700"
"472",72,472,"25017373800"
"473",15,473,"25017382100"
"474",34,474,"25021419800"
"475",10,475,"25021442102"
"476",94,476,"25021400800"
"477",3,477,"25021401200"
"478",61,478,"25017374500"
"479",6,479,"25017361100"
"480",30,480,"25017333501"
"481",16,481,"25009211402"
"482",99,87,"25025010600"
"483",22,483,"25017315100"
"484",24,484,"25017335302"
"485",1,485,"25017324102"
"486",4,486,"25017363103"
"487",2,487,"25017320104"
"488",32,488,"25017382601"
"489",13,489,"25017382602"
"490",35,56,"25025981202"
"491",58,65,"25025110103"
"492",5,492,"25017384002"
"493",1,493,"25021442201"
"494",19,494,"25021418003"
"495",1,495,"25021410300"
"496",31,496,"25009210400"
"497",6,497,"25009268200"
"498",8,498,"25023530100"
"499",7,499,"25023503101"
"500",6,500,"25023503102"
"501",88,501,"25009204300"
"502",78,502,"25025160400"
"503",39,503,"25009204600"
"504",74,504,"25009204500"
"505",59,505,"25009204701"
"506",99,82,"25025030200"
"507",98,83,"25025030300"
"508",97,87,"25025010702"
"509",58,66,"25025051200"
"510",82,92,"25025060600"
"511",97,72,"25025070300"
"512",98,82,"25025070101"
"513",86,74,"25025061200"
"514",10,514,"25021420201"
"515",10,515,"25009208400"
"516",18,516,"25021421200"
"517",25,517,"25021422301"
"518",14,518,"25009210300"
"519",23,519,"25009211100"
"520",59,520,"25009253100"
"521",75,66,"25025100100"
"522",9,522,"25017332200"
"523",52,523,"25021419100"
"524",12,524,"25009212100"
"525",88,525,"25009250100"
"526",8,526,"25009267102"
"527",5,527,"25009253203"
"528",33,528,"25009253202"
"529",2,529,"25009213100"
"530",27,530,"25009214100"
"531",58,531,"25009252300"
"532",19,532,"25009208300"
"533",80,533,"25009268300"
"534",66,534,"25009217300"
"535",65,535,"25009218100"
"536",93,86,"25025071101"
"537",82,94,"25025000100"
"538",86,70,"25025000701"
"539",84,67,"25025000602"
"540",13,540,"25005600202"
"541",7,541,"25021411302"
"542",8,542,"25021441204"
"543",20,543,"25017322400"
"544",26,544,"25017368200"
"545",32,545,"25021415102"
"546",68,546,"25021417200"
"547",0,547,"25021417602"
"548",72,72,"25025040600"
"549",24,549,"25021403100"
"550",5,550,"25021415101"
"551",39,551,"25021422502"
"552",7,552,"25021402300"
"553",1,553,"25021418200"
"554",11,554,"25021411100"
"555",4,555,"25021414100"
"556",43,556,"25021403500"
"557",34,557,"25021404400"
"558",6,558,"25023540101"
"559",15,559,"25021404100"
"560",5,560,"25021414200"
"561",18,561,"25021412300"
"562",85,562,"25021400200"
"563",24,563,"25021412200"
"564",46,564,"25021413500"
"565",11,565,"25017374000"
"566",26,566,"25017366100"
"567",14,567,"25017387100"
"568",33,568,"25017383600"
"569",41,569,"25017374300"
"570",14,570,"25017316300"
"571",78,571,"25017373200"
"572",58,572,"25017332400"
"573",17,573,"25017330200"
"574",5,574,"25017365100"
"575",74,575,"25017370102"
"576",91,99,"25017352300"
"577",23,577,"25017374800"
"578",9,578,"25017315402"
"579",96,579,"25017310100"
"580",23,580,"25017368102"
"581",39,581,"25017311600"
"582",19,582,"25023502200"
"583",50,86,"08013012104"
"584",96,100,"08013012204"
"585",44,88,"08013012203"
"586",59,96,"08013012507"
"587",44,92,"08013012603"
"588",10,68,"08013012508"
"589",1,589,"08013012903"
"590",29,64,"08013012705"
"591",5,591,"08013013003"
"592",10,592,"08013060900"
"593",58,593,"08013013005"
"594",77,86,"08013012401"
"595",39,595,"08013013210"
"596",3,596,"08013012710"
"597",6,597,"08013012707"
"598",5,598,"08013012201"
"599",57,95,"08013012605"
"600",7,600,"08123002012"
"601",14,601,"08013060800"
"602",32,602,"08059011701"
"603",1,603,"08123002103"
"604",0,604,"08069001605"
"605",32,605,"08013013212"
"606",23,606,"50007004002"
"607",3,607,"50007003301"
"608",66,608,"50007002500"
"609",54,58,"50007000800"
"610",0,610,"50007003100"
"611",67,81,"50007001000"
"612",53,612,"50007002400"
"613",0,613,"50007003304"
"614",43,614,"08035013904"
"615",12,615,"08035014001"
"616",50,616,"08035013905"
"617",9,617,"08035014123"
"618",31,618,"08035014116"
"619",16,619,"08014031100"
"620",59,73,"08031004404"
"621",84,81,"08031003702"
"622",37,66,"08031003901"
"623",94,79,"08031003800"
"624",44,624,"08005005551"
"625",41,625,"08005005552"
"626",54,626,"08005005620"
"627",5,627,"08001009553"
"628",20,43,"08031004106"
"629",78,79,"08031005002"
"630",29,36,"08031980100"
"631",60,631,"08014030100"
"632",13,632,"08014031200"
"633",71,91,"08031005001"
"634",17,634,"08035014133"
"635",0,635,"08001008523"
"636",0,28,"08001008353"
"637",38,637,"08001008801"
"638",63,81,"08031000201"
"639",80,83,"08031000402"
"640",58,50,"08031003902"
"641",83,80,"08031004301"
"642",72,82,"08031004005"
"643",65,81,"08031004006"
"644",49,65,"08031004303"
"645",32,42,"08031004101"
"646",72,78,"08031000800"
"647",21,647,"08059012051"
"648",59,66,"08031001000"
"649",80,84,"08031001102"
"650",30,68,"08031004405"
"651",82,651,"08005004952"
"652",49,652,"08059010403"
"653",25,653,"08059009815"
"654",83,96,"08031003201"
"655",0,655,"08059060500"
"656",0,656,"08059009845"
"657",0,657,"08059009848"
"658",18,658,"08059009806"
"659",0,659,"08059009808"
"660",4,660,"08059009842"
"661",32,661,"08059009807"
"662",26,662,"08059009827"
"663",30,663,"08059060400"
"664",53,664,"08059010213"
"665",40,665,"08059009830"
"666",20,666,"08059009833"
"667",65,667,"08059010402"
"668",36,668,"08059010406"
"669",43,669,"08059011100"
"670",22,670,"08059010901"
"671",30,671,"08059011550"
"672",71,672,"08005006713"
"673",97,92,"08031001702"
"674",84,96,"08031001800"
"675",88,86,"08031001701"
"676",82,98,"08031002402"
"677",96,96,"08031002000"
"678",24,678,"08005005633"
"679",10,679,"08005005634"
"680",79,680,"08005005951"
"681",52,681,"08005006000"
"682",47,682,"08005006858"
"683",38,683,"08005006712"
"684",63,77,"08031003500"
"685",81,54,"08031005104"
"686",25,63,"08031006814"
"687",50,76,"08031001500"
"688",81,96,"08031002100"
"689",97,97,"08031002701"
"690",94,98,"08031002601"
"691",91,92,"08031002702"
"692",90,96,"08031002801"
"693",47,693,"08005006601"
"694",49,694,"08005006707"
"695",14,695,"08059009849"
"696",64,696,"08005006815"
"697",42,59,"08005081800"
"698",71,77,"08031002901"
"699",43,42,"08005080400"
"700",80,99,"08031003102"
"701",63,86,"08031002902"
"702",82,75,"08031003001"
"703",5,703,"08035014131"
"704",0,704,"08035014403"
"705",0,705,"08035014505"
"706",14,41,"08005081500"
"707",13,707,"08005006856"
"708",44,708,"08005087300"
"709",73,709,"08059011805"
"710",62,710,"08059011733"
"711",28,711,"08059011732"
"712",61,83,"08031001901"
"713",71,68,"08031015600"
"714",9,714,"08035014007"
"715",37,715,"08001009752"
"716",7,716,"08001009751"
"717",28,34,"08031006701"
"718",37,718,"08035014112"
"719",52,719,"08035014114"
"720",76,81,"08031000600"
"721",53,72,"08031006812"
"722",87,93,"08031001600"
"723",56,70,"08031001302"
"724",67,67,"08031001401"
"725",75,62,"08031005300"
"726",71,79,"08031006804"
"727",36,67,"08031006811"
"728",56,79,"08031006901"
"729",15,729,"08001060200"
"730",16,730,"08001015000"
"731",18,731,"37135012100"
"732",18,732,"37135011400"
"733",53,733,"37135011300"
"734",15,34,"37063001706"
"735",47,38,"37063002015"
"736",45,736,"37135010703"
"737",0,737,"37135012201"
"738",2,738,"37135011901"
"739",2,739,"37037020800"
"740",92,61,"37063002200"
"741",22,35,"37063002027"
"742",11,24,"37063002028"
"743",3,743,"37063980100"
"744",45,744,"37135010705"
"745",44,58,"37063000700"
"746",24,69,"18097356400"
"747",6,747,"18057110401"
"748",36,43,"18097360700"
"749",39,40,"18097360602"
"750",53,41,"18097342101"
"751",25,30,"18097310204"
"752",27,40,"18097342200"
"753",11,30,"18097360402"
"754",70,72,"18097350300"
"755",15,30,"18097310201"
"756",8,27,"18097310106"
"757",16,29,"18097310105"
"758",6,27,"18097310104"
"759",2,759,"18057111001"
"760",64,71,"18097353300"
"761",0,761,"18013974900"
"762",58,84,"18097391000"
"763",0,763,"18097390600"
"764",12,764,"18097390102"
"765",51,765,"18063210201"
"766",8,766,"18057110506"
"767",13,767,"18057110808"
"768",0,768,"18133956500"
"769",0,769,"18081610100"
"770",45,770,"18057111008"
"771",1,771,"18057110805"
"772",3,31,"18097320202"
"773",45,41,"18097320204"
"774",48,774,"18057111007"
"775",23,33,"18097320301"
"776",49,51,"18097310306"
"777",26,33,"18097330103"
"778",31,39,"18097320108"
"779",29,34,"18097320107"
"780",17,30,"18097320303"
"781",28,39,"18097330106"
"782",27,35,"18097330105"
"783",20,39,"18097320304"
"784",53,59,"18097321800"
"785",16,785,"18057110906"
"786",2,786,"18057110807"
"787",14,787,"18057110810"
"788",38,788,"18011810605"
"789",0,789,"18059410200"
"790",6,790,"18081610201"
"791",1,791,"18081610202"
"792",0,792,"18057111102"
"793",4,793,"18057111101"
"794",0,25,"18097330401"
"795",65,77,"18097354400"
"796",90,94,"18097354200"
"797",72,797,"29095013703"
"798",48,57,"29095004400"
"799",93,73,"29095007300"
"800",38,53,"29095009900"
"801",63,62,"29095009300"
"802",21,802,"29037060904"
"803",84,72,"29095015900"
"804",46,64,"29095015200"
"805",12,805,"29095014806"
"806",86,72,"29095015800"
"807",3,807,"29047021404"
"808",34,808,"29047022100"
"809",44,809,"29037060600"
"810",0,810,"29037061001"
"811",0,811,"29037060001"
"812",89,69,"29095015700"
"813",0,813,"29037061200"
"814",1,814,"29095013504"
"815",0,815,"29013070200"
"816",10,816,"29095014007"
"817",1,25,"29095015500"
"818",40,818,"29095017900"
"819",0,20,"29165030205"
"820",0,820,"29107090200"
"821",1,24,"29165030201"
"822",45,822,"29165030002"
"823",19,30,"29047020801"
"824",19,34,"29047020202"
"825",10,825,"20091053421"
"826",32,826,"20091051909"
"827",4,827,"20091052504"
"828",24,828,"20091053418"
"829",44,829,"20103070500"
"830",66,830,"20103070100"
"831",1,831,"20091052604"
"832",23,832,"20209043000"
"833",6,833,"20091053002"
"834",38,834,"20091052908"
"835",21,835,"20091053005"
"836",35,836,"20091053102"
"837",32,837,"20091053101"
"838",32,838,"20091053201"
"839",21,839,"20091053203"
"840",1,840,"20091053301"
"841",3,841,"20091053602"
"842",48,842,"20091053006"
"843",48,843,"20091051803"
"844",27,844,"20091050600"
"845",21,845,"20091050400"
"846",52,846,"20091051804"
"847",37,847,"20091051805"
"848",52,848,"20091051904"
"849",46,849,"20091051906"
"850",31,850,"20091052201"
"851",35,851,"20091052405"
"852",4,852,"20091980001"
"853",22,853,"20091980002"
"854",11,854,"20209043400"
"855",27,34,"32003003642"
"856",16,856,"32003005853"
"857",41,53,"32003004602"
"858",10,42,"32003003616"
"859",59,50,"32003002995"
"860",53,860,"32003002302"
"861",36,65,"32003005349"
"862",56,862,"32003005826"
"863",60,863,"32003005825"
"864",3,864,"32003005016"
"865",48,865,"32003005851"
"866",11,866,"32003002974"
"867",28,66,"32003005108"
"868",37,56,"32003005109"
"869",22,42,"32003005102"
"870",47,46,"32003000203"
"871",38,47,"32003003615"
"872",22,38,"32003003700"
"873",69,73,"32003002404"
"874",58,48,"32003002501"
"875",30,60,"32003005322"
"876",33,64,"32003005320"
"877",45,64,"32003005319"
"878",70,63,"32003002506"
"879",54,58,"32003002204"
"880",51,880,"32003001803"
"881",44,50,"32003002956"
"882",44,882,"32003002947"
"883",39,63,"32003003001"
"884",38,52,"32003003102"
"885",39,50,"32003002916"
"886",42,51,"32003002915"
"887",1,17,"32003005715"
"888",12,19,"32003005714"
"889",50,889,"32003002303"
"890",33,36,"32003002962"
"891",13,891,"32003005844"
"892",50,41,"32003006900"
"893",62,61,"32003000523"
"894",19,35,"32003003241"
"895",56,43,"32003006700"
"896",10,896,"32003002978"
"897",20,897,"32003005854"
"898",21,898,"32003005841"
"899",11,35,"32003002808"
"900",46,49,"32003002811"
"901",29,38,"32003003218"
"902",38,44,"32003003412"
"903",16,39,"32003003414"
"904",40,40,"32003003415"
"905",27,44,"32003003219"
"906",11,38,"32003002847"
"907",24,907,"32003002837"
"908",35,908,"32003005811"
"909",52,909,"32003005813"
"910",41,910,"32003005612"
"911",72,911,"18043070500"
"912",26,912,"18043070901"
"913",0,913,"18061060400"
"914",4,914,"18019050801"
"915",71,915,"18019050100"
"916",48,916,"18019050200"
"917",0,917,"21111007501"
"918",17,41,"21111011102"
"919",13,58,"21111007400"
"920",68,59,"21111007800"
"921",46,71,"21111008100"
"922",79,83,"21111005000"
"923",36,56,"21111002700"
"924",48,924,"21211040302"
"925",5,24,"21111010406"
"926",71,83,"21111004900"
"927",86,79,"21111005900"
"928",80,84,"21111006400"
"929",17,929,"21111010001"
"930",17,30,"21111009103"
"931",30,931,"21111010705"
"932",36,37,"21111011200"
"933",38,40,"21111011301"
"934",15,30,"21111010102"
"935",16,935,"21111010402"
"936",5,936,"21029020101"
"937",16,44,"21111010500"
"938",3,26,"21111980100"
"939",3,939,"21111010318"
"940",0,940,"21185030702"
"941",0,941,"21185030701"
"942",50,942,"21111010601"
"943",36,943,"21111010104"
"944",0,25,"21111011519"
"945",29,36,"21111010405"
"946",15,32,"21111011513"
"947",38,65,"55025000408"
"948",90,100,"55025001606"
"949",6,949,"55025013301"
"950",4,950,"55025011401"
"951",1,951,"55025010904"
"952",3,36,"55025002500"
"953",71,953,"55025010100"
"954",0,33,"55025010501"
"955",15,955,"55133203306"
"956",0,956,"55021970100"
"957",1,957,"55021971200"
"958",6,958,"55025010701"
"959",18,959,"55025011302"
"960",43,68,"55025001401"
"961",22,63,"55025000204"
"962",36,962,"55025001403"
"963",0,29,"55025010901"
"964",0,964,"55025013200"
"965",2,965,"55025001502"
"966",0,966,"55025012700"
"967",1,52,"55025001402"
"968",1,968,"55025011200"
"969",19,969,"55133200801"
"970",31,970,"55133201000"
"971",55,971,"55133201101"
"972",16,972,"55133203601"
"973",0,973,"55133203000"
"974",0,974,"55133200400"
"975",28,975,"55133201404"
"976",25,976,"55079000102"
"977",10,977,"55079160204"
"978",72,978,"55079186600"
"979",1,979,"55133203402"
"980",39,980,"55133203103"
"981",22,981,"55079185300"
"982",95,982,"55079186300"
"983",8,983,"55133201504"
"984",0,984,"55089630201"
"985",51,985,"55089660100"
"986",4,986,"55089660304"
"987",52,987,"55133200102"
"988",0,988,"55133201300"
"989",20,989,"55133200101"
"990",28,990,"55133201102"
"991",56,991,"55133201203"
"992",10,992,"55079186800"
"993",89,993,"55079070100"
"994",59,994,"55079021500"
"995",52,995,"55079090300"
"996",27,996,"55079100800"
"997",27,997,"55079100900"
"998",84,998,"55131420401"
"999",22,999,"55133200803"
"1000",2,1000,"55133203704"
"1001",0,1001,"55027961500"
"1002",93,1002,"55079011000"
"1003",93,1003,"55079010800"
"1004",94,1004,"55079187400"
"1005",39,1005,"55079012800"
"1006",97,1006,"55079014400"
"1007",76,1007,"55079014100"
"1008",2,1008,"55089660202"
"1009",5,1009,"55079187200"
"1010",0,1010,"55131450103"
"1011",36,1011,"55131470203"
"1012",48,1012,"55089650102"
"1013",76,1013,"55079100200"
"1014",0,1014,"55131420103"
"1015",45,1015,"55079120202"
"1016",11,1016,"55131420300"
"1017",6,1017,"55079000202"
"1018",24,1018,"55079000700"
"1019",44,1019,"55079060200"
"1020",57,1020,"55079004400"
"1021",27,1021,"55079160100"
"1022",71,1022,"55079016000"
"1023",85,1023,"55133202600"
"1024",0,1024,"55093960700"
"1025",0,1025,"55109120901"
"1026",0,1026,"55109120903"
"1027",0,1027,"55109120800"
"1028",26,1028,"27037060711"
"1029",21,1029,"27037060717"
"1030",16,1030,"27037060710"
"1031",23,1031,"27037060726"
"1032",26,1032,"27037060737"
"1033",4,1033,"27037060739"
"1034",2,1034,"27037060725"
"1035",0,1035,"27037060820"
"1036",2,1036,"27037061108"
"1037",16,1037,"27003050821"
"1038",4,1038,"27171100204"
"1039",8,1039,"27171101300"
"1040",77,99,"27053125900"
"1041",86,65,"27053111200"
"1042",57,1042,"27053125500"
"1043",7,1043,"27053027203"
"1044",66,92,"27053102300"
"1045",59,92,"27053102600"
"1046",87,96,"27053103600"
"1047",91,98,"27053103700"
"1048",96,92,"27053104400"
"1049",67,84,"27053104000"
"1050",68,86,"27053104100"
"1051",91,94,"27053105400"
"1052",79,98,"27053106200"
"1053",83,94,"27053108000"
"1054",28,72,"27053109100"
"1055",33,1055,"27053025903"
"1056",23,1056,"27053024003"
"1057",9,1057,"27053023902"
"1058",9,1058,"27053027501"
"1059",12,1059,"27053026820"
"1060",16,1060,"27053026712"
"1061",51,1061,"27053022101"
"1062",0,1062,"27053027101"
"1063",32,1063,"27053026208"
"1064",11,1064,"27053026301"
"1065",27,1065,"27053026403"
"1066",24,1066,"27053026402"
"1067",3,1067,"27053026404"
"1068",14,1068,"27053026507"
"1069",2,1069,"27019090701"
"1070",6,1070,"27019090900"
"1071",4,1071,"27053026605"
"1072",9,1072,"27053026609"
"1073",15,1073,"27053026512"
"1074",12,1074,"27053026710"
"1075",19,1075,"27053026908"
"1076",18,1076,"27053026711"
"1077",0,1077,"27053027002"
"1078",58,1078,"27053022000"
"1079",1,1079,"27019090301"
"1080",0,1080,"27019090302"
"1081",3,1081,"27053026006"
"1082",11,1082,"27053026007"
"1083",34,68,"27053000601"
"1084",32,1084,"27053023903"
"1085",27,1085,"27053025201"
"1086",22,1086,"27053025100"
"1087",5,1087,"27053026611"
"1088",0,1088,"27053026707"
"1089",45,1089,"27053020200"
"1090",30,1090,"27053020400"
"1091",17,1091,"27003051206"
"1092",24,1092,"27003050710"
"1093",71,1093,"27003050501"
"1094",63,1094,"27053024901"
"1095",34,1095,"27053026514"
"1096",0,1096,"27053026909"
"1097",90,81,"27053008100"
"1098",59,1098,"27053027300"
"1099",96,55,"27123034202"
"1100",96,69,"27123034201"
"1101",36,1101,"27123040902"
"1102",19,1102,"27123040504"
"1103",0,1103,"27123040601"
"1104",6,1104,"27123040704"
"1105",0,1105,"27123040703"
"1106",8,1106,"27123041105"
"1107",68,62,"27123033200"
"1108",49,1108,"27053026104"
"1109",16,1109,"27053026020"
"1110",8,1110,"27053026613"
"1111",17,1111,"27053026103"
"1112",77,97,"27053126200"
"1113",87,94,"27053126100"
"1114",0,1114,"27141030504"
"1115",0,1115,"27171100100"
"1116",2,1116,"27163071102"
"1117",32,1117,"27163070502"
"1118",42,1118,"27163071006"
"1119",47,1119,"27163070910"
"1120",36,1120,"27163071010"
"1121",26,1121,"27163071208"
"1122",4,1122,"27037060748"
"1123",37,1123,"27123042601"
"1124",57,1124,"27123041800"
"1125",27,1125,"27123041302"
"1126",43,1126,"27123042002"
"1127",68,67,"27123035500"
"1128",2,1128,"27003050228"
"1129",10,1129,"27123040402"
"1130",10,1130,"27003050227"
"1131",0,1131,"27003050220"
"1132",22,1132,"27123042201"
"1133",31,1133,"27123042101"
"1134",11,1134,"27123042202"
"1135",36,1135,"27003051101"
"1136",0,1136,"27139080204"
"1137",38,1137,"27139080904"
"1138",90,94,"27053105201"
"1139",11,1139,"27053021601"
"1140",30,1140,"27053021602"
"1141",10,1141,"27053022200"
"1142",13,1142,"27053021800"
"1143",24,1143,"27053021900"
"1144",35,1144,"27053025601"
"1145",22,1145,"27053025603"
"1146",12,1146,"27053025702"
"1147",82,1147,"27053022901"
"1148",84,1148,"27053023300"
"1149",42,1149,"27053023400"
"1150",2,1150,"27141030502"
"1151",5,1151,"27037060605"
"1152",20,1152,"27037060733"
"1153",0,1153,"47081950100"
"1154",0,1154,"47165021203"
"1155",44,1155,"47165021205"
"1156",5,1156,"47187050205"
"1157",90,67,"47037019500"
"1158",75,72,"47037019400"
"1159",18,1159,"47187050304"
"1160",0,1160,"47187050203"
"1161",39,1161,"47187050905"
"1162",70,1162,"47187050800"
"1163",16,1163,"47149042000"
"1164",62,53,"47037013300"
"1165",8,19,"47037018102"
"1166",27,41,"47037017901"
"1167",0,1167,"47015960100"
"1168",71,72,"47037014400"
"1169",23,1169,"47037017200"
"1170",7,24,"47037015700"
"1171",28,40,"47037015900"
"1172",18,35,"47037015300"
"1173",17,23,"47037980200"
"1174",6,34,"47037018000"
"1175",52,41,"47037015802"
"1176",76,51,"47037016000"
"1177",36,53,"47037013700"
"1178",46,40,"47037016100"
"1179",71,79,"47037016400"
"1180",15,21,"47037015100"
"1181",87,70,"47037016500"
"1182",0,1182,"47187050103"
"1183",84,66,"47037016600"
"1184",36,1184,"47187050307"
"1185",1,1185,"47187050208"
"1186",0,1186,"47187050602"
"1187",0,1187,"47043060602"
"1188",0,1188,"47187050303"
"1189",0,1189,"47149042200"
"1190",9,29,"47037980100"
"1191",6,23,"47037019115"
"1192",13,21,"47037019600"
"1193",52,52,"47037019300"
"1194",0,1194,"47149040901"
"1195",57,79,"47037013400"
"1196",70,57,"47037017000"
"1197",5,1197,"47187050906"
"1198",12,1198,"47149040105"
"1199",2,19,"47037015629"
"1200",29,30,"47037018803"
"1201",33,1201,"47189030309"
"1202",0,0,"47037018301"
"1203",0,1203,"47165021008"
"1204",43,50,"12095018300"
"1205",27,1205,"12095017300"
"1206",26,50,"12095013507"
"1207",3,28,"12095013606"
"1208",68,76,"12095018900"
"1209",35,1209,"12095018000"
"1210",3,1210,"12097041700"
"1211",11,58,"12095012403"
"1212",1,1212,"12095017001"
"1213",18,1213,"12095015501"
"1214",42,1214,"12095016407"
"1215",3,36,"12095016804"
"1216",6,1216,"12095012500"
"1217",16,46,"12095012800"
"1218",30,1218,"12095017503"
"1219",43,46,"12095014812"
"1220",91,81,"12095010200"
"1221",67,79,"12095018800"
"1222",4,1222,"12095017107"
"1223",13,1223,"12095014808"
"1224",8,1224,"12095014100"
"1225",47,54,"12095013900"
"1226",4,1226,"12095017504"
"1227",15,1227,"12095017400"
"1228",72,1228,"12095015902"
"1229",22,44,"12095012402"
"1230",13,1230,"12117021502"
"1231",7,1231,"12117021504"
"1232",41,1232,"12117021505"
"1233",29,1233,"12117021606"
"1234",26,1234,"12117021608"
"1235",14,1235,"12117021614"
"1236",10,1236,"12117021803"
"1237",37,1237,"12117021901"
"1238",48,1238,"12117022001"
"1239",40,1239,"12117022201"
"1240",2,1240,"12117020808"
"1241",15,1241,"12095017008"
"1242",21,1242,"12095014503"
"1243",63,1243,"12095014813"
"1244",14,1244,"12095016406"
"1245",21,1245,"12095015104"
"1246",45,1246,"12095015201"
"1247",0,1247,"12117020701"
"1248",34,1248,"12117020600"
"1249",29,1249,"12117021802"
"1250",3,1250,"12117021307"
"1251",81,1251,"12095015901"
"1252",23,39,"12095014704"
"1253",8,1253,"12095016508"
"1254",51,1254,"12069030204"
"1255",5,1255,"12117020703"
"1256",0,1256,"12097043301"
"1257",23,1257,"12117020500"
"1258",2,1258,"12117020704"
"1259",23,33,"12095018400"
"1260",40,45,"12095018500"
"1261",1,1261,"12069030203"
"1262",9,1262,"12069030913"
"1263",0,1263,"12069030502"
"1264",41,1264,"12069030601"
"1265",0,1265,"12069030702"
"1266",37,1266,"12069030912"
"1267",2,1267,"12097041002"
"1268",6,1268,"12097040803"
"1269",36,1269,"12095017011"
"1270",31,1270,"12095016903"
"1271",22,1271,"12095016902"
"1272",21,1272,"12095017004"
"1273",1,1273,"12117020805"
"1274",17,1274,"12095016503"
"1275",0,1275,"12069031000"
"1276",7,1276,"12117021313"
"1277",8,1277,"12117021314"
"1278",73,77,"12095018200"
"1279",8,1279,"12095016730"
"1280",25,51,"12105010800"
"1281",10,13,"04013116725"
"1282",23,57,"04013103208"
"1283",15,43,"04013103209"
"1284",78,100,"04013319101"
"1285",42,83,"04013318800"
"1286",29,59,"04013319704"
"1287",25,41,"04013420304"
"1288",2,31,"04013105101"
"1289",45,1289,"04013217101"
"1290",32,1290,"04013216816"
"1291",11,1291,"04013216813"
"1292",84,1292,"04013217201"
"1293",52,1293,"04013523102"
"1294",55,63,"04013422203"
"1295",37,59,"04013422204"
"1296",16,37,"04013422301"
"1297",31,1297,"04013811200"
"1298",8,1298,"04013216851"
"1299",68,63,"04013619100"
"1300",8,1300,"04013811800"
"1301",16,51,"04013815400"
"1302",64,89,"04013319201"
"1303",73,99,"04013319103"
"1304",13,1304,"04013216834"
"1305",21,1305,"04013216835"
"1306",15,1306,"04013812200"
"1307",49,80,"04013319705"
"1308",23,58,"04013420215"
"1309",14,63,"04013320100"
"1310",1,35,"04013612500"
"1311",43,65,"04013422222"
"1312",63,1312,"04013216830"
"1313",23,1313,"04013216838"
"1314",67,1314,"04013216837"
"1315",42,1315,"04013610300"
"1316",22,1316,"04013980400"
"1317",3,1317,"04013216840"
"1318",21,1318,"04013216845"
"1319",9,1319,"04013216841"
"1320",25,1320,"04013216842"
"1321",21,1321,"04013216844"
"1322",58,58,"04013106501"
"1323",12,1323,"04013422639"
"1324",32,65,"04013113801"
"1325",29,1325,"04013216846"
"1326",10,1326,"04013216847"
"1327",4,28,"04013614300"
"1328",59,1328,"04013061020"
"1329",28,60,"04013116900"
"1330",56,1330,"04013216850"
"1331",65,1331,"04013216853"
"1332",7,31,"04013117200"
"1333",26,1333,"04013071517"
"1334",0,25,"04013061044"
"1335",0,1335,"04021000319"
"1336",9,1336,"04021000318"
"1337",10,44,"04013420705"
"1338",35,64,"04013422309"
"1339",48,63,"04013422401"
"1340",21,1340,"04013422304"
"1341",47,69,"04013422308"
"1342",27,62,"04013422403"
"1343",35,75,"04013422307"
"1344",21,43,"04013422511"
"1345",27,52,"04013422514"
"1346",52,57,"04013422001"
"1347",44,1347,"04013523003"
"1348",13,1348,"04013617500"
"1349",43,53,"04013617000"
"1350",0,25,"04013615200"
"1351",54,60,"04013103220"
"1352",28,51,"04013103219"
"1353",10,39,"04013617800"
"1354",58,56,"04013618500"
"1355",7,1355,"04013812600"
"1356",5,1356,"04013812400"
"1357",17,52,"04013112512"
"1358",76,59,"04013107601"
"1359",77,74,"04013110501"
"1360",69,71,"04013110502"
"1361",65,69,"04013108502"
"1362",18,52,"04013810000"
"1363",16,38,"04013422636"
"1364",56,1364,"04013217203"
"1365",48,1365,"04013810400"
"1366",20,1366,"04013810900"
"1367",17,1367,"04013811000"
"1368",22,1368,"04013071509"
"1369",21,49,"04013421102"
"1370",36,76,"04013110100"
"1371",61,58,"04013106300"
"1372",32,1372,"04013216807"
"1373",27,1373,"04013092708"
"1374",43,60,"04013112700"
"1375",44,70,"04013319800"
"1376",60,81,"04013113300"
"1377",39,80,"04013319902"
"1378",34,75,"04013319903"
"1379",59,62,"04013111000"
"1380",81,68,"04013114200"
"1381",37,59,"04013113900"
"1382",17,52,"04013319910"
"1383",35,1383,"04013071909"
"1384",57,63,"04013108400"
"1385",55,75,"04013111502"
"1386",17,45,"04013114800"
"1387",80,1387,"04013217300"
"1388",28,50,"04013115900"
"1389",43,55,"04013116100"
"1390",25,36,"04013115200"
"1391",30,1391,"04013218300"
"1392",0,1392,"04013040518"
"1393",30,58,"04013105503"
"1394",33,54,"04013616500"
"1395",32,1395,"04013810700"
"1396",5,1396,"04013612300"
"1397",4,52,"04013614700"
"1398",70,1398,"04013522903"
"1399",7,1399,"04013813600"
"1400",34,67,"04013116204"
"1401",69,82,"04013111800"
"1402",18,49,"04013116203"
"1403",37,62,"04013318700"
"1404",16,84,"04013318400"
"1405",30,54,"04013116709"
"1406",52,52,"04013116712"
"1407",40,1407,"04013071911"
"1408",2,6,"04013105102"
"1409",14,23,"04013104801"
"1410",63,65,"04013107500"
"1411",47,55,"04013107201"
"1412",49,69,"04013107700"
"1413",11,39,"04013107800"
"1414",36,58,"04013111201"
"1415",46,62,"04013116719"
"1416",49,1416,"04013216810"
"1417",24,1417,"04013216806"
"1418",92,87,"04013113100"
"1419",0,1419,"04013941300"
"1420",46,1420,"04013218200"
"1421",38,1421,"04013216901"
"1422",10,1422,"42125795800"
"1423",13,1423,"42125745100"
"1424",35,1424,"42125746200"
"1425",0,1425,"42125731000"
"1426",42,1426,"42003430100"
"1427",90,71,"42003563200"
"1428",81,1428,"42003473200"
"1429",58,1429,"42003473401"
"1430",47,1430,"42003464400"
"1431",46,1431,"42003480101"
"1432",42,1432,"42003551900"
"1433",85,70,"42003160900"
"1434",80,70,"42003120800"
"1435",31,1435,"42003475101"
"1436",69,1436,"42003450800"
"1437",24,9,"42003563100"
"1438",17,16,"42003563000"
"1439",0,1439,"42003456003"
"1440",1,1440,"42129802002"
"1441",12,1441,"42129806000"
"1442",1,1442,"42129804900"
"1443",1,1443,"42003563800"
"1444",11,1444,"42003451105"
"1445",92,75,"42003170200"
"1446",68,65,"42003090100"
"1447",11,1447,"42019903100"
"1448",21,1448,"42019911900"
"1449",0,1449,"42003452000"
"1450",100,78,"42003020100"
"1451",9,1451,"42003421100"
"1452",7,1452,"42003521301"
"1453",0,1453,"42003409000"
"1454",70,76,"42003020300"
"1455",6,1455,"42003408002"
"1456",8,1456,"42003412001"
"1457",35,1457,"42003460002"
"1458",11,1458,"42003475402"
"1459",26,1459,"42003413300"
"1460",64,63,"42003210700"
"1461",79,55,"42003010300"
"1462",81,73,"42003080400"
"1463",9,1463,"42003414200"
"1464",11,1464,"42003459201"
"1465",16,1465,"42003504100"
"1466",29,1466,"42003486800"
"1467",27,1467,"42003469000"
"1468",42,1468,"42003429500"
"1469",9,1469,"42019912002"
"1470",93,65,"42003070500"
"1471",94,79,"42003090300"
"1472",91,68,"42003060300"
"1473",8,1473,"42129806600"
"1474",69,1474,"42129800700"
"1475",49,52,"42003980700"
"1476",61,72,"42003980600"
"1477",0,1477,"42019911100"
"1478",50,1478,"42007604000"
"1479",77,1479,"42003560400"
"1480",0,1480,"42003411000"
"1481",0,1481,"42051261000"
"1482",62,1482,"42003525200"
"1483",0,1483,"42051262500"
"1484",0,1484,"42051261600"
"1485",13,1485,"53011041317"
"1486",51,1486,"53011042600"
"1487",15,1487,"53011041105"
"1488",27,1488,"53011041500"
"1489",0,1489,"53011040609"
"1490",75,1490,"53011042300"
"1491",57,1491,"53011042400"
"1492",79,1492,"53011042500"
"1493",31,1493,"53011041312"
"1494",54,1494,"53011042700"
"1495",27,1495,"53011040711"
"1496",68,1496,"53011041108"
"1497",4,1497,"53011040302"
"1498",33,1498,"53011041329"
"1499",24,1499,"53011040808"
"1500",44,1500,"41005020302"
"1501",37,1501,"41005022107"
"1502",32,1502,"41005022205"
"1503",44,1503,"41005022103"
"1504",73,1504,"41005022400"
"1505",22,1505,"41005022108"
"1506",60,1506,"41067031611"
"1507",72,1507,"41067032604"
"1508",29,1508,"41005021500"
"1509",21,1509,"41067032607"
"1510",92,100,"41051002402"
"1511",50,55,"41051006502"
"1512",53,1512,"41051010304"
"1513",17,59,"41051007300"
"1514",86,82,"41051003302"
"1515",93,92,"41051003402"
"1516",79,79,"41051003601"
"1517",47,1517,"41067030200"
"1518",90,100,"41051001102"
"1519",75,83,"41051001000"
"1520",34,1520,"41005020100"
"1521",96,91,"41051005200"
"1522",49,82,"41051000301"
"1523",99,98,"41051010600"
"1524",91,97,"41051004500"
"1525",80,97,"41051002303"
"1526",96,99,"41051002100"
"1527",71,99,"41051002600"
"1528",40,63,"41051002902"
"1529",97,97,"41051005000"
"1530",40,59,"41051008500"
"1531",96,92,"41051005600"
"1532",94,98,"41051005100"
"1533",80,93,"41051005700"
"1534",5,40,"41051008902"
"1535",48,1535,"41067030401"
"1536",51,1536,"41067031006"
"1537",15,1537,"41005020303"
"1538",76,1538,"41005020800"
"1539",17,1539,"41005022105"
"1540",0,1540,"41067032700"
"1541",11,1541,"41067032001"
"1542",12,1542,"41067032110"
"1543",31,1543,"41067032003"
"1544",23,1544,"41067031609"
"1545",52,1545,"41067032005"
"1546",6,1546,"41067032103"
"1547",0,1547,"41067032200"
"1548",76,1548,"41067031300"
"1549",45,1549,"41067030806"
"1550",33,1550,"41067030700"
"1551",51,1551,"41067031005"
"1552",38,1552,"41067031402"
"1553",18,1553,"41067032608"
"1554",1,1554,"41071030601"
"1555",69,1555,"41067030900"
"1556",31,1556,"41005024400"
"1557",34,1557,"41071030202"
"1558",53,86,"41051005900"
"1559",3,38,"41051004300"
"1560",84,95,"41051000100"
"1561",1,1561,"41005020501"
"1562",59,1562,"49049000103"
"1563",47,1563,"49049001002"
"1564",23,1564,"49049001201"
"1565",58,1565,"49049001402"
"1566",76,1566,"49049001300"
"1567",38,1567,"49049000802"
"1568",52,1568,"49049000706"
"1569",73,1569,"49049001601"
"1570",80,1570,"49049001900"
"1571",31,1571,"49049001504"
"1572",42,1572,"49049000903"
"1573",9,1573,"49049002201"
"1574",89,1574,"49049002400"
"1575",1,1575,"49049003401"
"1576",0,1576,"49049001501"
"1577",18,1577,"49049001401"
"1578",4,1578,"49049001503"
"1579",0,1579,"49049010503"
"1580",53,1580,"49049000400"
"1581",8,1581,"49049010208"
"1582",29,1582,"49049000709"
"1583",14,1583,"49049010216"
"1584",42,1584,"49049002902"
"1585",21,1585,"49049002801"
"1586",20,1586,"49049002901"
"1587",5,1587,"49049002802"
"1588",67,1588,"49049003204"
"1589",15,1589,"49049003103"
"1590",22,1590,"49049010105"
"1591",0,1591,"49049010112"
"1592",20,1592,"49049010108"
"1593",42,1593,"49049000506"
"1594",37,1594,"49049000508"
"1595",37,1595,"49049000509"
"1596",22,1596,"49049000601"
"1597",52,1597,"49049000203"
"1598",43,1598,"49049000204"
"1599",10,1599,"37101041001"
"1600",35,39,"37183051600"
"1601",19,40,"37183053716"
"1602",20,1602,"37183053512"
"1603",28,1603,"37183053506"
"1604",11,1604,"37183053405"
"1605",34,36,"37183052705"
"1606",3,1606,"37101041002"
"1607",43,42,"37183052701"
"1608",1,1608,"37183053420"
"1609",24,20,"37183052506"
"1610",17,1610,"37183053416"
"1611",41,1611,"37183053204"
"1612",31,1612,"37183053523"
"1613",43,47,"37183054011"
"1614",30,32,"37183053723"
"1615",8,18,"37183053725"
"1616",4,1616,"37183053604"
"1617",1,1617,"37183053417"
"1618",3,1618,"37183052809"
"1619",28,1619,"37183053517"
"1620",21,32,"37183052603"
"1621",43,1621,"37183053520"
"1622",18,1622,"37183053609"
"1623",38,1623,"37183053522"
"1624",38,1624,"37051003800"
"1625",3,1625,"37183053205"
"1626",20,49,"37183052407"
"1627",29,24,"37183052507"
"1628",38,39,"37183052601"
"1629",73,59,"37183050300"
"1630",55,64,"37183051400"
"1631",2,1631,"37183053008"
"1632",16,1632,"37183053607"
"1633",30,33,"37183054018"
"1634",2,1634,"37183052807"
"1635",58,1635,"37183053003"
"1636",22,28,"37183053717"
"1637",7,1637,"37183053419"
"1638",21,28,"37183053610"
"1639",10,1639,"37183980100"
"1640",8,1640,"37183054208"
"1641",4,1641,"37183053105"
"1642",76,63,"37183051000"
"1643",90,64,"37183051200"
"1644",46,42,"37183052504"
"1645",33,33,"37183053714"
"1646",5,35,"37183051700"
"1647",1,30,"37183054105"
"1648",18,57,"37183052401"
"1649",91,63,"37183050100"
"1650",21,30,"37183054001"
"1651",17,29,"37183054006"
"1652",17,53,"37183054007"
"1653",46,1653,"49035113012"
"1654",24,1654,"49035111500"
"1655",55,1655,"49035112700"
"1656",38,1656,"49035111002"
"1657",1,1657,"49035112810"
"1658",38,1658,"49035112100"
"1659",43,1659,"49035111101"
"1660",0,1660,"49035110104"
"1661",26,1661,"49035112611"
"1662",2,1662,"49035111304"
"1663",23,1663,"49035112605"
"1664",12,1664,"49035111600"
"1665",9,36,"49035100100"
"1666",44,81,"49035100600"
"1667",14,1667,"49035113101"
"1668",1,1668,"49035115209"
"1669",34,1669,"49035112001"
"1670",71,1670,"49035112403"
"1671",18,1671,"49035112817"
"1672",38,1672,"49035112618"
"1673",28,1673,"49035113307"
"1674",64,1674,"49035113305"
"1675",60,67,"49035101600"
"1676",92,89,"49035102500"
"1677",53,73,"49035102600"
"1678",6,1678,"49035112820"
"1679",7,28,"49035980000"
"1680",60,1680,"49035111702"
"1681",54,1681,"49035112502"
"1682",24,1682,"49035112610"
"1683",31,1683,"49035113521"
"1684",13,33,"49035114500"
"1685",0,1685,"49035113526"
"1686",74,61,"49035111802"
"1687",0,1687,"49043964305"
"1688",1,1688,"49043964307"
"1689",10,1689,"49043964402"
"1690",38,1690,"49035112823"
"1691",31,1691,"49035113020"
"1692",26,1692,"49035112819"
"1693",21,1693,"49035111903"
"1694",32,1694,"49035111905"
"1695",89,83,"49035114000"
"1696",46,87,"49035114100"
"1697",31,1697,"49035111202"
"1698",50,68,"49035102801"
"1699",59,58,"49035102900"
"1700",49,1700,"49035112302"
"1701",45,1701,"49035112202"
"1702",43,1702,"49035112301"
"1703",30,42,"06073013308"
"1704",74,67,"06073008340"
"1705",22,27,"06073008345"
"1706",73,1706,"06073015801"
"1707",44,1707,"06073016202"
"1708",52,49,"06073008360"
"1709",59,50,"06073003403"
"1710",54,53,"06073008509"
"1711",21,1711,"06073017303"
"1712",57,1712,"06073017304"
"1713",79,1713,"06073017401"
"1714",4,1714,"06073017305"
"1715",48,41,"06073008901"
"1716",18,1716,"06073017813"
"1717",95,71,"06037207710"
"1718",17,29,"06073010015"
"1719",24,1719,"06073021900"
"1720",57,1720,"06073020029"
"1721",83,79,"06073021400"
"1722",11,1722,"06073022100"
"1723",28,1723,"06073020017"
"1724",45,1724,"06073019302"
"1725",53,1725,"06073020500"
"1726",91,53,"06073005900"
"1727",41,30,"06073017022"
"1728",10,16,"06073008303"
"1729",12,1729,"06073013505"
"1730",76,70,"06073001000"
"1731",73,44,"06073001100"
"1732",0,7,"06073009504"
"1733",0,1733,"06073020307"
"1734",0,1734,"06073020306"
"1735",29,64,"06073008902"
"1736",15,1736,"06073017032"
"1737",15,1737,"06073018513"
"1738",31,20,"06073003003"
"1739",17,1739,"06073020013"
"1740",28,1740,"06073017049"
"1741",57,34,"06073009103"
"1742",63,61,"06073006500"
"1743",17,1743,"06073020015"
"1744",31,38,"06073008333"
"1745",8,11,"06073008346"
"1746",39,1746,"06073016616"
"1747",14,1747,"06073017604"
"1748",14,1748,"06073019403"
"1749",22,1749,"06073019905"
"1750",1,1750,"06073019806"
"1751",13,9,"06073008350"
"1752",53,1752,"06073016617"
"1753",75,1753,"06073020601"
"1754",29,1754,"06073020602"
"1755",18,33,"06073008339"
"1756",56,1756,"06073020707"
"1757",5,9,"06073017039"
"1758",54,1758,"06073017502"
"1759",27,1759,"06073017811"
"1760",94,1760,"06073017900"
"1761",83,61,"06073004900"
"1762",65,34,"06073009106"
"1763",99,67,"06073005300"
"1764",94,57,"06073005200"
"1765",61,70,"06073005100"
"1766",95,85,"06073005400"
"1767",31,22,"06073009602"
"1768",49,50,"06073009301"
"1769",94,75,"06073005800"
"1770",77,46,"06073006000"
"1771",69,46,"06073006100"
"1772",62,35,"06073009604"
"1773",46,38,"06073009603"
"1774",76,61,"06073007400"
"1775",88,62,"06073007903"
"1776",63,53,"06073013000"
"1777",71,67,"06073008101"
"1778",69,46,"06073008102"
"1779",96,47,"06073008200"
"1780",75,58,"06073013103"
"1781",54,61,"06073008329"
"1782",45,72,"06073008511"
"1783",34,42,"06073005600"
"1784",17,1784,"06073017048"
"1785",65,86,"06073007800"
"1786",41,41,"06073008503"
"1787",8,1787,"06073016201"
"1788",37,67,"06073009304"
"1789",16,28,"06073008501"
"1790",82,1790,"06073021800"
"1791",74,58,"06073008006"
"1792",93,77,"06073007905"
"1793",88,91,"06073007910"
"1794",64,67,"06073008363"
"1795",79,64,"06073007908"
"1796",56,60,"06073002904"
"1797",68,63,"06073017056"
"1798",89,1798,"06073020214"
"1799",55,1799,"06085509801"
"1800",70,1800,"06085506801"
"1801",43,1801,"06085505202"
"1802",37,1802,"06085506502"
"1803",30,1803,"06085510500"
"1804",20,1804,"06085511500"
"1805",85,93,"06085500800"
"1806",60,78,"06085503121"
"1807",72,1807,"06085502604"
"1808",41,52,"06085505006"
"1809",42,61,"06085504322"
"1810",35,60,"06085505009"
"1811",93,1811,"06085511302"
"1812",62,1812,"06085512314"
"1813",51,60,"06085512033"
"1814",5,5,"06085512001"
"1815",88,1815,"06085510300"
"1816",0,25,"06085504602"
"1817",27,1817,"06085505001"
"1818",12,1818,"06085507301"
"1819",38,65,"06085507701"
"1820",34,1820,"06085508704"
"1821",94,91,"06085500901"
"1822",90,62,"06085500600"
"1823",91,89,"06085501000"
"1824",64,63,"06085503002"
"1825",0,1825,"06085507302"
"1826",69,74,"06085501900"
"1827",58,60,"06085504318"
"1828",36,1828,"06085507203"
"1829",6,1829,"06085512602"
"1830",24,1830,"06085507001"
"1831",70,91,"06085501300"
"1832",52,1832,"06085507100"
"1833",63,60,"06085502101"
"1834",1,1834,"06085504601"
"1835",40,1835,"06085504504"
"1836",62,1836,"06085504505"
"1837",43,1837,"06085504506"
"1838",52,1838,"06085505007"
"1839",36,1839,"06085504802"
"1840",41,1840,"06085504803"
"1841",62,73,"06085507806"
"1842",29,1842,"06085504414"
"1843",61,1843,"06085504418"
"1844",80,56,"06085506401"
"1845",43,46,"06085506304"
"1846",62,60,"06085506402"
"1847",65,1847,"06085510700"
"1848",45,1848,"06085510400"
"1849",38,1849,"06085509108"
"1850",70,1850,"06085509201"
"1851",34,1851,"06085509109"
"1852",70,1852,"06085509304"
"1853",70,1853,"06085509401"
"1854",74,1854,"06085509500"
"1855",92,1855,"06085509600"
"1856",84,1856,"06085508602"
"1857",42,1857,"06085509902"
"1858",54,1858,"06081610304"
"1859",84,1859,"06085511301"
"1860",36,1860,"06085509102"
"1861",31,65,"06085505100"
"1862",17,1862,"06085507205"
"1863",42,1863,"06085512310"
"1864",3,1864,"06085511705"
"1865",0,1865,"53061053400"
"1866",58,1866,"53061052401"
"1867",33,1867,"53061051702"
"1868",41,1868,"53033026200"
"1869",59,1869,"53033032319"
"1870",27,1870,"53033032313"
"1871",69,1871,"53033032103"
"1872",0,1872,"53033032210"
"1873",53,1873,"53033025500"
"1874",97,73,"53033008100"
"1875",13,1875,"53061042005"
"1876",8,1876,"53033028300"
"1877",82,87,"53033005400"
"1878",9,1878,"53061052004"
"1879",51,1879,"53061051400"
"1880",0,1880,"53061053102"
"1881",83,85,"53073000501"
"1882",66,60,"53033010900"
"1883",17,34,"53033023000"
"1884",28,31,"53033023700"
"1885",32,1885,"53033022603"
"1886",45,1886,"53033022701"
"1887",22,1887,"53033022605"
"1888",47,64,"53033023401"
"1889",47,66,"53033011200"
"1890",70,1890,"53033022500"
"1891",30,40,"53033022901"
"1892",29,35,"53033022801"
"1893",34,1893,"53033022803"
"1894",33,34,"53033023601"
"1895",49,52,"53033023604"
"1896",15,1896,"53033021802"
"1897",10,1897,"53033021906"
"1898",18,1898,"53033021904"
"1899",66,43,"53033024000"
"1900",11,1900,"53061041901"
"1901",18,1901,"53061052007"
"1902",23,42,"53033023801"
"1903",54,1903,"53033027100"
"1904",51,1904,"53033027200"
"1905",86,1905,"53033027900"
"1906",22,1906,"53053073406"
"1907",31,1907,"53053940003"
"1908",2,1908,"53061041903"
"1909",5,1909,"53033030503"
"1910",12,1910,"53033030501"
"1911",41,1911,"53033030901"
"1912",40,1912,"53033024300"
"1913",54,1913,"53033028902"
"1914",0,1914,"53033032003"
"1915",16,1915,"53033032208"
"1916",98,64,"53033008002"
"1917",40,1917,"53033032309"
"1918",92,56,"53033010500"
"1919",93,64,"53033006800"
"1920",78,54,"53033006700"
"1921",61,79,"53033006600"
"1922",97,64,"53053061601"
"1923",13,1923,"53053073301"
"1924",93,83,"53033004700"
"1925",71,86,"53033004200"
"1926",80,65,"53033004800"
"1927",98,82,"53033008400"
"1928",86,79,"53033008700"
"1929",95,80,"53033007500"
"1930",89,76,"53033008001"
"1931",98,71,"53033008200"
"1932",96,75,"53033007300"
"1933",68,52,"53053063400"
"1934",15,1934,"53053940010"
"1935",44,1935,"53053071706"
"1936",60,60,"53033000401"
"1937",23,33,"53033000100"
"1938",97,85,"53033007200"
"1939",72,72,"53033005801"
"1940",89,54,"53033023803"
"1941",41,48,"53033007800"
"1942",85,66,"53033004900"
"1943",72,63,"53033006100"
"1944",41,76,"53033005802"
"1945",36,1945,"53033024800"
"1946",94,72,"53033007100"
"1947",95,45,"53033023804"
"1948",36,1948,"53033025302"
"1949",33,1949,"53033029206"
"1950",81,74,"53033004301"
"1951",4,1951,"53061051926"
"1952",37,1952,"53061040500"
"1953",47,1953,"53053072507"
"1954",98,71,"53033009200"
"1955",55,51,"53033009300"
"1956",10,1956,"53061051925"
"1957",5,1957,"29189221424"
"1958",0,1958,"29099700210"
"1959",13,1959,"29189213300"
"1960",2,1960,"29189215400"
"1961",5,1961,"29189215201"
"1962",61,1962,"29189217300"
"1963",61,1963,"29189217400"
"1964",1,1964,"29189221201"
"1965",21,1965,"29071800201"
"1966",0,1966,"29219820103"
"1967",17,1967,"29189215003"
"1968",2,1968,"29189215202"
"1969",48,1969,"29189218600"
"1970",75,1970,"29189216500"
"1971",32,1971,"29189216600"
"1972",43,1972,"29189216700"
"1973",32,1973,"29183311153"
"1974",0,1974,"29183312095"
"1975",6,1975,"29183311904"
"1976",4,1976,"29189213102"
"1977",84,1977,"29189216100"
"1978",48,40,"29510103600"
"1979",71,90,"29510105198"
"1980",19,49,"29510118400"
"1981",50,64,"29510117100"
"1982",79,56,"29510113500"
"1983",84,65,"29510121100"
"1984",66,61,"29510118600"
"1985",51,69,"29510117200"
"1986",33,37,"29510126900"
"1987",70,55,"29510127400"
"1988",67,48,"29510126800"
"1989",74,63,"29510127500"
"1990",0,1990,"29189215143"
"1991",39,1991,"29189213400"
"1992",29,1992,"29189220601"
"1993",22,1993,"29189215600"
"1994",12,1994,"29189218011"
"1995",4,1995,"29189215005"
"1996",8,1996,"29189221506"
"1997",90,70,"29510125600"
"1998",73,75,"29510123200"
"1999",76,72,"29510125500"
"2000",9,2000,"29183311802"
"2001",60,2001,"29189218900"
"2002",5,2002,"29189213202"
"2003",0,2003,"29189217701"
"2004",2,2004,"29189215302"
"2005",1,2005,"29099700203"
"2006",80,2006,"29183310502"
"2007",64,2007,"29183310201"
"2008",1,2008,"29183311908"
"2009",4,2009,"29189221332"
"2010",5,2010,"29183311151"
"2011",28,2011,"29189220702"
"2012",14,2012,"29189214500"
"2013",25,2013,"29189214300"
"2014",31,2014,"29189215001"
"2015",49,2015,"29189219100"
"2016",19,2016,"29189221628"
"2017",4,2017,"29189221629"
"2018",13,2018,"29189221423"
"2019",14,2019,"29189215102"
"2020",69,2020,"29189217000"
"2021",64,2021,"29189215700"
"2022",0,2022,"17163503906"
"2023",16,2023,"17163504352"
"2024",0,2024,"17133600102"
"2025",44,2025,"17163504354"
"2026",0,2026,"17163503203"
"2027",76,2027,"17163501700"
"2028",31,2028,"12103027401"
"2029",46,2029,"12101031404"
"2030",54,64,"12057000102"
"2031",0,2031,"12103027320"
"2032",47,2032,"12103025011"
"2033",61,2033,"12103026400"
"2034",30,2034,"12057011407"
"2035",18,2035,"12057011409"
"2036",4,2036,"12057013205"
"2037",18,2037,"12057010203"
"2038",51,54,"12057006000"
"2039",12,2039,"12057011507"
"2040",3,2040,"12057010402"
"2041",78,56,"12057006200"
"2042",21,2042,"12057011416"
"2043",9,2043,"12057011506"
"2044",66,2044,"12103026703"
"2045",17,2045,"12057011605"
"2046",17,2046,"12057011606"
"2047",13,2047,"12103026814"
"2048",4,2048,"12103026904"
"2049",34,33,"12057003600"
"2050",83,76,"12057003900"
"2051",75,52,"12057004700"
"2052",68,60,"12057004400"
"2053",76,79,"12057004100"
"2054",80,64,"12057004900"
"2055",66,58,"12057005700"
"2056",76,55,"12057005800"
"2057",82,84,"12057005500"
"2058",93,91,"12103021500"
"2059",66,75,"12103021800"
"2060",58,61,"12057001800"
"2061",32,2061,"12057011611"
"2062",20,2062,"12057010401"
"2063",49,2063,"12057011901"
"2064",38,2064,"12057011804"
"2065",50,2065,"12057011706"
"2066",4,2066,"12103027206"
"2067",4,2067,"12103027207"
"2068",0,2068,"12103027501"
"2069",39,56,"12103022100"
"2070",6,2070,"12103025303"
"2071",73,2071,"12103025900"
"2072",20,30,"12103024406"
"2073",59,2073,"12103026200"
"2074",61,2074,"12103026300"
"2075",24,2075,"12103025408"
"2076",18,2076,"12103025010"
"2077",21,2077,"12103025009"
"2078",81,2078,"12103028402"
"2079",77,74,"12057006103"
"2080",9,2080,"12057011520"
"2081",8,35,"12057011708"
"2082",26,2082,"12103027210"
"2083",2,42,"12103024411"
"2084",6,2084,"12103024512"
"2085",19,2085,"12103027327"
"2086",6,2086,"12103025307"
"2087",0,2087,"12053040502"
"2088",2,2088,"12053040911"
"2089",37,58,"12103028600"
"2090",1,2090,"12053040906"
"2091",48,45,"12103024410"
"2092",0,2092,"12101031903"
"2093",6,2093,"12101032106"
"2094",17,2094,"12057013317"
"2095",47,2095,"12057010817"
"2096",17,2096,"12057013703"
"2097",0,2097,"12053040303"
"2098",8,2098,"12103024510"
"2099",6,30,"12103024412"
"2100",0,25,"12103024509"
"2101",44,2101,"12103025416"
"2102",55,2102,"12103025415"
"2103",16,2103,"12057011524"
"2104",47,44,"12057006900"
"2105",86,54,"12057005101"
"2106",32,2106,"12101030903"
"2107",34,2107,"12057011304"
"2108",3,37,"12057011015"
"2109",2,2109,"12103027202"
"2110",1,2110,"12057012211"
"2111",37,45,"12057004600"
"2112",12,29,"12057005900"
"2113",56,61,"12057006501"
"2114",0,2114,"12101032006"
"2115",0,2115,"12101031302"
"2116",0,2116,"12101031701"
"2117",1,45,"12057010210"
"2118",40,72,"12057005401"
"2119",0,2119,"12057011517"
"2120",1,2120,"12101031601"
"2121",0,2121,"12057011518"
"2122",11,2122,"12057013315"
"2123",19,2123,"12101031507"
"2124",7,2124,"12101032009"
"2125",0,2125,"12053041502"
"2126",41,2126,"12057011802"
"2127",29,2127,"12057010701"
"2128",43,2128,"12057012103"
"2129",19,2129,"12057012002"
"2130",7,2130,"12057011005"
"2131",7,2131,"12057011006"
"2132",0,26,"12057011008"
"2133",28,2133,"12057012600"
"2134",0,2134,"12103025405"
"2135",13,2135,"12057010810"
"2136",8,2136,"54003971300"
"2137",5,2137,"51683910402"
"2138",22,2138,"51107611202"
"2139",7,2139,"51107611700"
"2140",11,2140,"51107611002"
"2141",0,2141,"51177020104"
"2142",54,2142,"51683910201"
"2143",27,2143,"51179010406"
"2144",17,2144,"51179010103"
"2145",4,2145,"51179010205"
"2146",12,2146,"51179010206"
"2147",6,2147,"51179010210"
"2148",0,2148,"51179010204"
"2149",0,2149,"51179010303"
"2150",57,83,"51510201801"
"2151",30,35,"51510200104"
"2152",9,2152,"51107611102"
"2153",67,76,"51510200701"
"2154",31,2154,"51153901507"
"2155",11,2155,"51153901212"
"2156",56,2156,"51107610506"
"2157",1,2157,"51107610201"
"2158",4,2158,"51107610702"
"2159",0,2159,"51107610102"
"2160",7,2160,"51107610604"
"2161",0,2161,"51107611806"
"2162",22,2162,"51107611019"
"2163",45,2163,"51107611209"
"2164",81,2164,"51600300100"
"2165",41,2165,"51600300200"
"2166",60,2166,"51600300500"
"2167",8,2167,"51600300300"
"2168",5,2168,"51059480201"
"2169",55,49,"51059452801"
"2170",0,2170,"51107610900"
"2171",7,29,"51013100400"
"2172",86,86,"51013101500"
"2173",80,2173,"51610500100"
"2174",70,2174,"51610500200"
"2175",38,2175,"51630000500"
"2176",82,2176,"51630000100"
"2177",53,2177,"51630000200"
"2178",55,2178,"51059432000"
"2179",25,2179,"51107611804"
"2180",0,2180,"51107611021"
"2181",28,2181,"51107611010"
"2182",3,2182,"51107611009"
"2183",36,2183,"51107611015"
"2184",39,2184,"51107611006"
"2185",9,2185,"51107611020"
"2186",27,2186,"51107611900"
"2187",8,2187,"51059481900"
"2188",57,2188,"51059450300"
"2189",25,2189,"51059450400"
"2190",34,2190,"51059432800"
"2191",79,50,"51510200405"
"2192",76,84,"51510200702"
"2193",91,90,"51510201600"
"2194",97,88,"51510201900"
"2195",82,91,"51510201400"
"2196",33,2196,"51059415200"
"2197",17,2197,"51685920200"
"2198",34,2198,"51177020201"
"2199",14,2199,"51059420100"
"2200",15,2200,"51059482602"
"2201",5,2201,"51059490502"
"2202",23,2202,"51059460502"
"2203",43,2203,"51059460501"
"2204",38,2204,"51059461601"
"2205",4,2205,"51059480401"
"2206",3,2206,"51059482001"
"2207",83,2207,"51059482203"
"2208",90,78,"51013103402"
"2209",19,2209,"51059490103"
"2210",50,2210,"51059491601"
"2211",21,2211,"51059490101"
"2212",5,2212,"51059491301"
"2213",4,2213,"51059422102"
"2214",65,2214,"51059461202"
"2215",58,2215,"51059421500"
"2216",33,2216,"51059452600"
"2217",12,2217,"51059482400"
"2218",0,2218,"51059480300"
"2219",1,2219,"51059431500"
"2220",29,2220,"51059460600"
"2221",71,2221,"51059430600"
"2222",45,2222,"51059460800"
"2223",53,2223,"51059460900"
"2224",2,2224,"51059480100"
"2225",19,2225,"51059460400"
"2226",8,2226,"51059430400"
"2227",48,2227,"51059420400"
"2228",22,2228,"51059470700"
"2229",40,2229,"51059471100"
"2230",20,2230,"51683910100"
"2231",95,80,"51013101403"
"2232",0,2232,"51177020106"
"2233",95,75,"51013101701"
"2234",78,79,"51013101803"
"2235",14,2235,"51059451900"
"2236",28,2236,"51059461802"
"2237",68,2237,"51059480202"
"2238",96,88,"51510201802"
"2239",95,87,"51510202001"
"2240",48,2240,"51059471301"
"2241",46,2241,"51059482202"
"2242",4,2242,"51153901228"
"2243",7,2243,"51153901408"
"2244",16,2244,"51153900701"
"2245",44,2245,"51107611601"
"2246",21,2246,"51107611502"
"2247",57,2247,"51107611025"
"2248",64,2248,"51107610505"
"2249",54,2249,"51107610603"
"2250",4,2250,"51059430201"
"2251",16,2251,"51059430802"
"2252",84,81,"51013101401"
"2253",89,73,"51013101603"
"2254",61,78,"51013101300"
"2255",93,81,"51013101404"
"2256",87,82,"51013101402"
"2257",83,79,"51013102003"
"2258",65,66,"51013102302"
"2259",84,80,"51013103502"
"2260",94,75,"51013101702"
"2261",80,83,"51013103601"
"2262",91,77,"51013101602"
"2263",92,77,"51013101802"
"2264",66,65,"51013102902"
"2265",44,2265,"51059422101"
"2266",26,2266,"51059422402"
"2267",7,2267,"51059421002"
"2268",21,2268,"51059452501"
"2269",76,2269,"51059440201"
"2270",78,2270,"51059450602"
"2271",14,2271,"51059450601"
"2272",12,2272,"51179010212"
"2273",0,2273,"51107980100"
"2274",0,2274,"51107611024"
"2275",6,2275,"51107610503"
"2276",16,2276,"51059440202"
"2277",62,2277,"51107611207"
"2278",43,2278,"51107611501"
"2279",38,63,"51510200403"
"2280",58,2280,"51059460702"
"2281",80,2281,"51059461602"
"2282",4,2282,"51107611805"
"2283",50,2283,"51059471201"
"2284",55,2284,"51059480903"
"2285",65,2285,"51059480802"
"2286",63,2286,"51059480901"
"2287",47,2287,"51059480902"
"2288",19,2288,"51059481202"
"2289",64,2289,"51059491202"
"2290",35,2290,"51059491704"
"2291",52,2291,"51059491401"
"2292",54,2292,"51059491701"
"2293",16,2293,"51059421102"
"2294",69,2294,"51059491702"
"2295",59,2295,"51059480203"
"2296",38,2296,"51059482201"
"2297",23,2297,"51059482501"
"2298",57,2298,"51059481101"
"2299",12,2299,"51059481105"
"2300",39,2300,"51059420201"
"2301",0,2301,"51059492201"
"2302",9,2302,"51059440702"
"2303",4,2303,"51059422000"
"2304",9,2304,"51059481106"
"2305",40,2305,"51059482301"
"2306",36,2306,"51059422302"
"2307",38,2307,"51059421001"
"2308",33,66,"51510200900"
"2309",0,2309,"51061930401"
"2310",3,2310,"51061930302"
"2311",55,65,"51510200600"
"2312",64,62,"51013101601"
"2313",77,76,"51013102500"
"2314",58,2314,"51059470500"
"2315",55,2315,"51153900403"
"2316",15,2316,"51153900300"
"2317",3,2317,"51153901001"
"2318",25,2318,"51153900901"
"2319",5,2319,"51153901236"
"2320",0,2320,"51153901410"
"2321",15,2321,"51153901409"
"2322",9,2322,"51153901403"
"2323",40,71,"51013102901"
"2324",1,2324,"51153901509"
"2325",11,2325,"51153901411"
"2326",3,2326,"51153901602"
"2327",4,2327,"24033807407"
"2328",90,2328,"24021750100"
"2329",31,58,"24033806710"
"2330",74,2330,"24031705602"
"2331",0,2331,"24031700610"
"2332",1,2332,"24031706008"
"2333",56,2333,"24031700902"
"2334",17,2334,"24031701507"
"2335",35,2335,"24031701211"
"2336",58,2336,"24031701102"
"2337",0,2337,"24031700101"
"2338",54,2338,"24031700304"
"2339",42,2339,"24031700309"
"2340",48,2340,"24031700704"
"2341",43,2341,"24031702302"
"2342",98,2342,"24031702500"
"2343",72,2343,"24031702800"
"2344",62,2344,"24031700713"
"2345",66,2345,"24031700816"
"2346",43,2346,"24031700817"
"2347",91,2347,"24031700901"
"2348",45,2348,"24031700818"
"2349",31,2349,"24031700903"
"2350",72,2350,"24031700904"
"2351",18,2351,"24031701001"
"2352",50,2352,"24031701004"
"2353",44,2353,"24031701002"
"2354",31,2354,"24031700105"
"2355",20,2355,"24031700830"
"2356",20,2356,"24031700719"
"2357",55,66,"24033806708"
"2358",0,2358,"24033800411"
"2359",30,2359,"24021751003"
"2360",28,2360,"24031706012"
"2361",92,2361,"24031704806"
"2362",91,2362,"24031704803"
"2363",0,2363,"24009860200"
"2364",97,2364,"24031704805"
"2365",80,2365,"24031701218"
"2366",77,2366,"24033805908"
"2367",86,2367,"24031705501"
"2368",1,2368,"24017851500"
"2369",22,2369,"24021750803"
"2370",96,2370,"24021750200"
"2371",0,2371,"24003708001"
"2372",0,2372,"24021752302"
"2373",0,2373,"24021752303"
"2374",98,2374,"24031704804"
"2375",30,2375,"24021752301"
"2376",21,2376,"24033800215"
"2377",34,2377,"24033800515"
"2378",66,2378,"24031700724"
"2379",55,2379,"24031700718"
"2380",44,2380,"24031701007"
"2381",76,2381,"24031700723"
"2382",61,56,"24033806713"
"2383",23,2383,"24031701421"
"2384",28,2384,"24031701314"
"2385",5,2385,"24031700311"
"2386",60,2386,"24031700722"
"2387",55,2387,"24031700616"
"2388",72,2388,"24031700826"
"2389",85,2389,"24031701216"
"2390",9,2390,"24017851002"
"2391",29,2391,"24017850901"
"2392",59,2392,"24033803514"
"2393",56,2393,"24033803509"
"2394",33,2394,"24033803516"
"2395",3,2395,"24033803519"
"2396",28,2396,"24033803602"
"2397",29,2397,"24033803606"
"2398",13,2398,"24033803608"
"2399",25,2399,"24033807409"
"2400",7,37,"24033806706"
"2401",4,2401,"24033800504"
"2402",11,2402,"24033801404"
"2403",41,2403,"24033803300"
"2404",34,2404,"24033807200"
"2405",14,2405,"24033800408"
"2406",31,2406,"24033800105"
"2407",6,2407,"24033800403"
"2408",4,2408,"24033802201"
"2409",0,2409,"24033807408"
"2410",65,2410,"24033800102"
"2411",66,2411,"24031701213"
"2412",41,2412,"24031701202"
"2413",12,2413,"24031701205"
"2414",44,2414,"24031704401"
"2415",28,2415,"24031701312"
"2416",95,97,"11001006600"
"2417",84,90,"11001010200"
"2418",67,55,"11001007809"
"2419",67,60,"11001009400"
"2420",91,82,"11001002501"
"2421",71,69,"11001009504"
"2422",72,87,"11001007100"
"2423",92,92,"11001007200"
"2424",98,93,"11001004202"
"2425",92,88,"11001003600"
"2426",97,87,"11001004002"
"2427",72,58,"11001000300"
"2428",99,96,"11001004400"
"2429",99,90,"11001010700"
"2430",94,92,"11001004802"
"2431",91,86,"11001004600"
"2432",95,95,"11001005600"
"2433",59,79,"11001010500"
"2434",47,50,"11001001302"
"2435",97,89,"11001005500"
"2436",27,69,"11001006202"
"2437",96,85,"11001004702"
"2438",98,92,"11001005201"
"2439",67,71,"11001007601"
"2440",98,87,"11001000100"
"2441",94,88,"11001005900"
"2442",98,90,"11001010100"
"2443",70,65,"11001003301"
"2444",97,92,"11001005002"
"2445",94,93,"11001010600"
"2446",96,78,"11001010800"
"2447",53,36,"11001009000"
"2448",77,59,"11001009301"
"2449",66,71,"11001009201"
"2450",75,74,"11001001100"
"2451",85,63,"11001001702"
"2452",92,87,"11001005800"
"2453",91,81,"11001003500"
"2454",83,69,"11001003400"
